{"stats":{"minecraft:custom":{"minecraft:time_since_rest":430,"lootr:looted_stat":6,"minecraft:sprint_one_cm":21900,"minecraft:damage_taken":918,"minecraft:walk_one_cm":136113,"minecraft:mob_kills":20,"minecraft:drop":3,"minecraft:damage_dealt":2504,"minecraft:interact_with_crafting_table":1,"minecraft:fly_one_cm":18654,"minecraft:freezer_opened":3,"minecraft:crouch_one_cm":598,"minecraft:play_time":43672,"minecraft:deaths":3,"minecraft:sneak_time":77,"minecraft:jump":173,"minecraft:leave_game":1,"minecraft:time_since_death":356,"minecraft:total_world_time":43672,"minecraft:climb_one_cm":1287,"minecraft:fall_one_cm":5313},"minecraft:killed_by":{"minecraft:zombie":3},"minecraft:picked_up":{"minecraft:lilac":7,"patchouli:guide_book":2,"minecraft:torch":22,"contenttweaker:rubber":3,"minecraft:leather_helmet":1,"embellishcraft:red_pillow":1,"immersiveengineering:manual":1,"alexsmobs:animal_dictionary":1,"quark:oak_leaf_carpet":1,"minecraft:string":22,"minecraft:leather_boots":1,"minecraft:bone":24,"biomesoplenty:blue_hydrangea":6,"minecraft:rotten_flesh":18,"apocalypsenow:baseball_bat":2,"biomesoplenty:magic_planks":2,"solcarrot:food_book":1,"apocalypsenow:human_flesh":1,"farmersdelight:sweet_berry_cookie":2,"biomesoplenty:magic_log":7,"embellishcraft:sturdy_steel_door":2,"pfm:furniture_book":1},"minecraft:used":{"apocalypsenow:baseball_bat":10,"minecraft:wooden_pickaxe":8,"minecraft:torch":10,"minecraft:wooden_sword":53,"minecraft:crafting_table":1,"biomesoplenty:magic_planks":2},"minecraft:dropped":{"contenttweaker:rubber":3,"minecraft:torch":16,"apocalypsenow:baseball_bat":1},"minecraft:mined":{"minecraft:black_stained_glass_pane":2,"biomesoplenty:magic_planks":2,"embellishcraft:sturdy_steel_door":2,"biomesoplenty:blue_hydrangea":8,"minecraft:lilac":8,"quark:oak_leaf_carpet":1,"minecraft:gray_stained_glass_pane":2,"minecraft:torch":1,"biomesoplenty:magic_log":7,"minecraft:wall_torch":5},"minecraft:crafted":{"minecraft:wooden_sword":1,"minecraft:crafting_table":1,"minecraft:stick":8,"minecraft:wooden_pickaxe":1,"minecraft:air":28},"minecraft:killed":{"minecraft:zombie":16,"undead_revamp2:the_moonflower":3,"undead_revamp2:thesmoker":1}},"DataVersion":2975}