{"stats":{"minecraft:mined":{"embellishcraft:gray_corrugated_metal_plate_pressure_plate":1,"embellishcraft:sturdy_steel_door":2,"farmersdelight:wild_carrots":5,"minecraft:dark_oak_log":7,"simplylight:illuminant_yellow_block":1,"farmersdelight:canvas_rug":1,"minecraft:shulker_box":15,"minecraft:grass_block":4,"minecraft:stone_brick_wall":1,"create:polished_cut_calcite_wall":1,"minecraft:light_gray_bed":1,"embellishcraft:smooth_gneiss":1,"embellishcraft:smooth_basalt_slab":1,"biomesoplenty:jacaranda_sapling":1,"minecraft:spawner":57,"minecraft:smooth_stone":5,"create:vertical_framed_glass":4,"biomesoplenty:lavender":3,"quark:blossom_planks":13,"minecraft:anvil":1,"minecraft:gold_block":3,"minecraft:brown_bed":5,"minecraft:bookshelf":1,"pfm:white_shower_towel":1,"minecraft:stone":4,"minecraft:iron_block":5,"create:dark_oak_window_pane":1,"minecraft:spruce_slab":1,"biomesoplenty:jacaranda_leaves":1,"minecraft:gray_terracotta":4,"minecraft:quartz_block":4,"minecraft:cyan_terracotta":1,"apocalypsenow:money_block":7,"minecraft:crafting_table":4,"minecraft:torch":12,"quark:charcoal_block":1,"minecraft:gray_stained_glass":12,"embellishcraft:polished_marble":1,"minecraft:tall_grass":1,"biomesoplenty:sprout":1,"minecraft:oak_planks":1,"minecraft:iron_door":3,"minecraft:wall_torch":22,"immersiveengineering:concrete":2,"minecraft:light_gray_stained_glass":3,"cfm:stone_table":1,"biomesoplenty:maple_sapling":1,"minecraft:grass":3,"embellishcraft:smooth_marble":8,"create:vertical_framed_glass_pane":2,"minecraft:oak_log":1,"create:framed_glass_trapdoor":1,"cfm:brown_kitchen_counter":1,"pfm:oak_gray_simple_bed":2,"minecraft:cobweb":5,"simplylight:illuminant_block":1,"minecraft:oak_leaves":1,"minecraft:iron_trapdoor":3},"minecraft:picked_up":{"minecraft:crafting_table":3,"cfm:stone_table":1,"minecraft:iron_trapdoor":1,"minecraft:anvil":1,"cfm:brown_kitchen_counter":1,"minecraft:wooden_pickaxe":1,"biomesoplenty:orange_autumn_sapling":1,"biomesoplenty:jacaranda_sapling":4,"minecraft:brown_bed":5,"apocalypsenow:u_sarmy_helmet":1,"embellishcraft:steel_wall_ladder":3,"minecraft:gold_block":3,"minecraft:potion":11,"minecraft:string":316,"pfm:oak_gray_simple_bed":3,"minecraft:smooth_stone":5,"apocalypsenow:construction_boots":1,"embellishcraft:sturdy_steel_door":2,"minecraft:iron_pickaxe":1,"minecraft:spruce_slab":1,"quark:yellow_blossom_sapling":2,"minecraft:quartz_stairs":2,"farmersdelight:canvas_rug":2,"minecraft:dark_oak_door":1,"minecraft:stick":17,"createdeco:yellow_decal":2,"embellishcraft:smooth_marble":12,"minecraft:torch":50,"minecraft:spruce_fence":1,"quark:blossom_log":39,"embellishcraft:smooth_gneiss":1,"chalk:blue_chalk":1,"minecraft:carrot":8,"immersiveengineering:concrete":2,"quark:charcoal_block":1,"apocalypsenow:fire_figther_leggings":2,"quark:blossom_planks":13,"minecraft:dark_oak_planks":1,"minecraft:quartz_block":8,"apocalypsenow:porpsi":1,"minecraft:light_gray_bed":1,"minecraft:rotten_flesh":353,"biomesoplenty:jacaranda_log":8,"farmersdelight:hamburger":1,"minecraft:iron_block":5,"minecraft:cyan_terracotta":1,"apocalypsenow:fire_figther_chestplate":4,"apocalypsenow:money_block":7,"minecraft:cobblestone":6,"biomesoplenty:lavender":3,"apocalypsenow:u_sarmy_boots":2,"tac:round45":13,"minecraft:leather_chestplate":1,"minecraft:iron_door":6,"embellishcraft:gray_corrugated_metal_plate_pressure_plate":2,"create:framed_glass_trapdoor":1,"minecraft:potato":2,"minecraft:oak_log":14,"embellishcraft:polished_marble":2,"minecraft:gunpowder":1,"apocalypsenow:construction_chestplate":3,"pfm:white_shower_towel":3,"farmersdelight:tomato":16,"minecraft:dirt":2,"apocalypsenow:u_sarmy_leggings":1,"embellishcraft:plate":1,"minecraft:bone":220,"apocalypsenow:construction_leggings":6,"minecraft:gray_terracotta":4,"minecraft:wheat_seeds":2,"apocalypsenow:human_flesh":17,"ftbquests:book":1,"apocalypsenow:money":1,"minecraft:iron_ingot":4,"apocalypsenow:fire_figther_helmet":2,"minecraft:glass_bottle":24,"simplylight:illuminant_block":1,"tac:9mm_round":24,"minecraft:iron_sword":2,"minecraft:oak_planks":1,"minecraft:book":3,"quark:light_gray_shard":10,"firstaid:plaster":6,"apocalypsenow:u_sarmy_chestplate":1,"patchouli:guide_book":1,"chalk:red_chalk":1,"embellishcraft:smooth_basalt_slab":1,"cfm:oak_hedge":3,"minecraft:dark_oak_log":7,"minecraft:shulker_box":15,"biomesoplenty:maple_sapling":2,"minecraft:polished_blackstone_pressure_plate":6,"minecraft:bread":8,"alexsmobs:maggot":2,"quark:gray_shard":40,"apocalypsenow:scissorst":1,"apocalypsenow:construction_helmet":2},"minecraft:dropped":{"apocalypsenow:human_flesh":6,"farmersdelight:hamburger":66,"minecraft:iron_ingot":13,"minecraft:bread":8,"minecraft:iron_sword":2,"minecraft:wheat_seeds":1,"createdeco:yellow_decal":1,"pfm:white_shower_towel":2,"minecraft:glass_bottle":27,"biomesoplenty:maple_sapling":2,"minecraft:cobblestone":3,"quark:gray_shard":4,"farmersdelight:canvas_rug":1,"minecraft:coal":2,"minecraft:stick":16,"quark:light_gray_shard":3,"apocalypsenow:fire_figther_chestplate":1,"chalk:red_chalk":1,"minecraft:polished_blackstone_pressure_plate":4,"minecraft:torch":16,"apocalypsenow:construction_leggings":1,"farmersdelight:sweet_berry_cookie":4,"minecraft:iron_door":3,"minecraft:potion":11,"pfm:oak_gray_simple_bed":1,"embellishcraft:gray_corrugated_metal_plate_pressure_plate":1,"minecraft:iron_pickaxe":1,"minecraft:dark_oak_planks":1,"minecraft:string":12,"ftbquests:book":1,"embellishcraft:polished_marble":2,"chalk:blue_chalk":1,"minecraft:bone":8,"farmersdelight:melon_juice":16,"apocalypsenow:scissorst":1,"alexsmobs:maggot":2,"embellishcraft:smooth_marble":4,"minecraft:rotten_flesh":68,"minecraft:oak_planks":8,"minecraft:spruce_fence":1,"patchouli:guide_book":1,"apocalypsenow:baseball_bat":1,"minecraft:leather_chestplate":1,"apocalypsenow:serrated_machete":1,"minecraft:quartz_block":2,"cfm:oak_hedge":3,"apocalypsenow:dagger":1,"minecraft:wooden_pickaxe":1,"farmersdelight:apple_cider":3,"firstaid:plaster":6},"minecraft:killed_by":{"minecraft:husk":3,"minecraft:player":1,"undead_revamp2:the_moonflower":3,"minecraft:zombie":3,"undead_revamp2:thesmoker":1},"minecraft:used":{"pfm:oak_gray_simple_bed":2,"minecraft:iron_sword":601,"farmersdelight:melon_juice":79,"minecraft:torch":100,"minecraft:shulker_box":14,"embellishcraft:smooth_marble":2,"minecraft:dark_oak_planks":14,"minecraft:iron_axe":44,"minecraft:iron_trapdoor":1,"apocalypsenow:emergency_axe":311,"quark:blossom_planks":63,"minecraft:light_gray_bed":1,"minecraft:brown_bed":5,"farmersdelight:hamburger":44,"minecraft:glass_bottle":6,"minecraft:oak_planks":48,"minecraft:wooden_pickaxe":18,"create:framed_glass_trapdoor":1,"minecraft:polished_blackstone_pressure_plate":1,"farmersdelight:chicken_sandwich":5,"minecraft:crafting_table":6,"biomesoplenty:jacaranda_planks":3,"minecraft:gray_terracotta":2,"minecraft:iron_pickaxe":146,"cgm:grenade":1,"minecraft:potion":18},"minecraft:killed":{"undead_revamp2:thesmoker":13,"alexsmobs:seagull":3,"zombiemobs:zombie_wolf":1,"undead_revamp2:thepregnant":1,"zombie_extreme:runner":2,"minecraft:husk":15,"minecraft:zombie_villager":2,"undead_revamp2:the_moonflower":8,"undead_revamp2:theordure":1,"minecraft:zombie":178,"zombie_extreme:infected_police":1,"alexsmobs:fly":1},"minecraft:broken":{"apocalypsenow:u_sarmy_leggings":1,"apocalypsenow:u_sarmy_chestplate":1},"minecraft:custom":{"lootr:looted_stat":78,"minecraft:mob_kills":227,"minecraft:interact_with_crafting_table":8,"minecraft:open_barrel":3,"minecraft:open_shulker_box":28,"minecraft:damage_dealt_resisted":708,"minecraft:eat_cake_slice":5,"minecraft:leave_game":19,"minecraft:time_since_death":12670,"minecraft:climb_one_cm":60893,"minecraft:sprint_one_cm":394426,"minecraft:walk_one_cm":645643,"minecraft:fridge_opened":21,"minecraft:drop":106,"minecraft:damage_dealt_absorbed":78,"minecraft:chair_used":1,"minecraft:use_bathtub":1,"minecraft:talked_to_villager":1,"minecraft:play_time":274970,"minecraft:deaths":16,"minecraft:sneak_time":9022,"minecraft:walk_under_water_one_cm":435,"minecraft:jump":3894,"minecraft:drawer_searched":4,"minecraft:walk_on_water_one_cm":7783,"minecraft:total_world_time":275745,"minecraft:interact_with_furnace":6,"minecraft:toilet_used":12,"minecraft:stove_opened":6,"minecraft:trashcan_opened":3,"minecraft:sleep_in_bed":7,"minecraft:time_since_rest":12712,"minecraft:damage_taken":6588,"minecraft:damage_dealt":35981,"minecraft:swim_one_cm":4267,"minecraft:player_kills":1,"minecraft:freezer_opened":12,"minecraft:fly_one_cm":1280239,"minecraft:crouch_one_cm":17751,"minecraft:fall_one_cm":105786},"minecraft:crafted":{"firstaid:plaster":1,"apocalypsenow:u_sarmy_helmet":3,"apocalypsenow:u_sarmy_boots":4,"sophisticatedbackpacks:iron_backpack":1,"sophisticatedbackpacks:gold_backpack":1,"minecraft:air":327,"minecraft:white_wool":10,"minecraft:stick":12}},"DataVersion":2975}