{"stats":{"minecraft:used":{"minecraft:iron_sword":283,"farmersdelight:melon_juice":2,"minecraft:torch":48,"minecraft:shulker_box":7,"minecraft:dark_oak_planks":14,"minecraft:iron_axe":39,"apocalypsenow:emergency_axe":4,"quark:blossom_planks":30,"minecraft:light_gray_bed":1,"farmersdelight:hamburger":3,"minecraft:brown_bed":2,"minecraft:glass_bottle":6,"minecraft:oak_planks":48,"minecraft:wooden_pickaxe":18,"farmersdelight:chicken_sandwich":5,"minecraft:crafting_table":3,"biomesoplenty:jacaranda_planks":3,"minecraft:gray_terracotta":2,"minecraft:iron_pickaxe":42,"cgm:grenade":1,"minecraft:potion":18},"minecraft:custom":{"lootr:looted_stat":31,"minecraft:mob_kills":37,"minecraft:interact_with_crafting_table":2,"minecraft:open_barrel":2,"minecraft:open_shulker_box":9,"minecraft:damage_dealt_resisted":653,"minecraft:leave_game":11,"minecraft:time_since_death":11394,"minecraft:climb_one_cm":39272,"minecraft:sprint_one_cm":290443,"minecraft:walk_one_cm":301563,"minecraft:fridge_opened":3,"minecraft:drop":58,"minecraft:chair_used":1,"minecraft:damage_dealt_absorbed":78,"minecraft:play_time":147826,"minecraft:deaths":10,"minecraft:sneak_time":3793,"minecraft:walk_under_water_one_cm":435,"minecraft:jump":2973,"minecraft:walk_on_water_one_cm":7021,"minecraft:total_world_time":148601,"minecraft:interact_with_furnace":3,"minecraft:toilet_used":10,"minecraft:stove_opened":2,"minecraft:sleep_in_bed":2,"minecraft:time_since_rest":11423,"minecraft:damage_taken":3441,"minecraft:damage_dealt":14973,"minecraft:swim_one_cm":4267,"minecraft:freezer_opened":3,"minecraft:fly_one_cm":989895,"minecraft:player_kills":1,"minecraft:crouch_one_cm":9636,"minecraft:fall_one_cm":88957},"minecraft:mined":{"farmersdelight:wild_carrots":5,"minecraft:dark_oak_log":7,"simplylight:illuminant_yellow_block":1,"minecraft:shulker_box":8,"minecraft:stone_brick_wall":1,"minecraft:grass_block":4,"create:polished_cut_calcite_wall":1,"minecraft:light_gray_bed":1,"biomesoplenty:jacaranda_sapling":1,"minecraft:spawner":22,"create:vertical_framed_glass":4,"biomesoplenty:lavender":3,"quark:blossom_planks":6,"minecraft:anvil":1,"minecraft:brown_bed":3,"create:dark_oak_window_pane":1,"minecraft:spruce_slab":1,"biomesoplenty:jacaranda_leaves":1,"minecraft:gray_terracotta":4,"minecraft:crafting_table":2,"minecraft:torch":1,"quark:charcoal_block":1,"minecraft:gray_stained_glass":6,"embellishcraft:polished_marble":1,"minecraft:tall_grass":1,"biomesoplenty:sprout":1,"minecraft:oak_planks":1,"minecraft:wall_torch":9,"immersiveengineering:concrete":2,"minecraft:light_gray_stained_glass":2,"cfm:stone_table":1,"biomesoplenty:maple_sapling":1,"minecraft:grass":3,"create:vertical_framed_glass_pane":2,"minecraft:oak_log":1,"minecraft:cobweb":5,"minecraft:oak_leaves":1,"minecraft:iron_trapdoor":2},"minecraft:dropped":{"apocalypsenow:human_flesh":1,"minecraft:iron_ingot":13,"farmersdelight:hamburger":66,"minecraft:bread":8,"minecraft:iron_sword":1,"minecraft:wheat_seeds":1,"minecraft:glass_bottle":3,"biomesoplenty:maple_sapling":2,"quark:gray_shard":4,"minecraft:coal":2,"minecraft:stick":1,"chalk:red_chalk":1,"minecraft:polished_blackstone_pressure_plate":4,"minecraft:torch":16,"farmersdelight:sweet_berry_cookie":4,"minecraft:potion":11,"minecraft:iron_pickaxe":1,"minecraft:dark_oak_planks":1,"minecraft:string":4,"ftbquests:book":1,"embellishcraft:polished_marble":2,"chalk:blue_chalk":1,"minecraft:bone":2,"farmersdelight:melon_juice":16,"apocalypsenow:scissorst":1,"alexsmobs:maggot":2,"minecraft:rotten_flesh":13,"minecraft:oak_planks":8,"minecraft:spruce_fence":1,"patchouli:guide_book":1,"apocalypsenow:baseball_bat":1,"minecraft:leather_chestplate":1,"apocalypsenow:serrated_machete":1,"cfm:oak_hedge":3,"apocalypsenow:dagger":1,"minecraft:wooden_pickaxe":1,"farmersdelight:apple_cider":3,"firstaid:plaster":6},"minecraft:killed":{"undead_revamp2:thesmoker":2,"alexsmobs:seagull":3,"zombiemobs:zombie_wolf":1,"zombie_extreme:runner":1,"minecraft:husk":5,"minecraft:zombie_villager":1,"minecraft:zombie":23,"alexsmobs:fly":1},"minecraft:crafted":{"minecraft:air":261,"minecraft:stick":8},"minecraft:killed_by":{"minecraft:husk":2,"minecraft:player":1,"undead_revamp2:the_moonflower":3,"minecraft:zombie":2,"undead_revamp2:thesmoker":1},"minecraft:picked_up":{"minecraft:crafting_table":1,"cfm:stone_table":1,"minecraft:anvil":1,"minecraft:wooden_pickaxe":1,"biomesoplenty:orange_autumn_sapling":1,"minecraft:brown_bed":3,"embellishcraft:steel_wall_ladder":3,"biomesoplenty:jacaranda_sapling":4,"minecraft:potion":11,"minecraft:string":19,"minecraft:iron_pickaxe":1,"minecraft:spruce_slab":1,"quark:yellow_blossom_sapling":2,"minecraft:quartz_stairs":2,"minecraft:dark_oak_door":1,"minecraft:stick":2,"minecraft:torch":26,"minecraft:spruce_fence":1,"quark:blossom_log":39,"chalk:blue_chalk":1,"minecraft:carrot":5,"immersiveengineering:concrete":2,"quark:charcoal_block":1,"quark:blossom_planks":6,"minecraft:dark_oak_planks":1,"minecraft:quartz_block":2,"apocalypsenow:porpsi":1,"minecraft:light_gray_bed":1,"minecraft:rotten_flesh":20,"biomesoplenty:jacaranda_log":8,"farmersdelight:hamburger":1,"biomesoplenty:lavender":3,"minecraft:leather_chestplate":1,"embellishcraft:polished_marble":2,"minecraft:oak_log":14,"minecraft:dirt":2,"minecraft:bone":8,"embellishcraft:plate":1,"minecraft:gray_terracotta":4,"apocalypsenow:human_flesh":7,"minecraft:wheat_seeds":2,"ftbquests:book":1,"minecraft:iron_ingot":1,"tac:9mm_round":5,"minecraft:oak_planks":1,"minecraft:iron_sword":1,"quark:light_gray_shard":5,"firstaid:plaster":6,"patchouli:guide_book":1,"chalk:red_chalk":1,"cfm:oak_hedge":3,"minecraft:dark_oak_log":7,"minecraft:shulker_box":8,"biomesoplenty:maple_sapling":2,"minecraft:polished_blackstone_pressure_plate":5,"minecraft:bread":8,"alexsmobs:maggot":2,"quark:gray_shard":21,"apocalypsenow:scissorst":1}},"DataVersion":2975}