{"stats":{"minecraft:mined":{"embellishcraft:sturdy_steel_door":7,"farmersdelight:canvas_rug":2,"farmersdelight:tomato_crate":2,"rocks:starfish":1,"create:redstone_contact":1,"pfm:deepslate_kitchen_wall_small_drawer":12,"minecraft:grass_block":7,"minecraft:stone_brick_wall":11,"minecraft:light_gray_bed":1,"create:polished_cut_calcite_wall":1,"embellishcraft:smooth_gneiss":1,"minecraft:coal_block":31,"pfm:light_gray_arm_chair":4,"buildersdelight:industrial_flat_2":1,"cfm:gray_picket_fence":9,"minecraft:spawner":148,"minecraft:smooth_stone":5,"create:vertical_framed_glass":4,"biomesoplenty:lavender":3,"pfm:basic_shower_handle":3,"quark:blossom_planks":23,"minecraft:anvil":1,"quark:iron_rod":2,"minecraft:brown_bed":6,"pfm:white_shower_towel":1,"immersiveengineering:connector_lv":2,"create:polished_cut_limestone":1,"minecraft:iron_bars":1,"pfm:deepslate_kitchen_counter":12,"minecraft:iron_block":15,"create:mechanical_press":3,"create:dark_oak_window_pane":1,"minecraft:spruce_slab":1,"minecraft:green_bed":1,"create:andesite_bars":38,"alexsmobs:bison_carpet":1,"biomesoplenty:jacaranda_leaves":1,"minecraft:gray_terracotta":6,"create:cogwheel":8,"lootr:lootr_chest":6,"minecraft:quartz_block":4,"minecraft:cyan_terracotta":1,"farmersdelight:potato_crate":3,"createdeco:locked_cast_iron_door":1,"quark:charcoal_block":1,"minecraft:torch":26,"immersiveengineering:metal_barrel":4,"apocalypsenow:money_block":21,"pfm:basic_shower_head":3,"farmersdelight:cabbage_crate":2,"minecraft:blast_furnace":1,"minecraft:polished_andesite_stairs":14,"create:framed_glass":4,"minecraft:chest":5,"create:display_link":1,"embellishcraft:polished_marble":1,"cfm:stripped_oak_coffee_table":1,"create:train_door":2,"minecraft:nether_quartz_ore":16,"zombie_extreme:computer_monitor":2,"minecraft:slime_block":2,"create:nixie_tube":2,"minecraft:oak_planks":1,"minecraft:iron_door":8,"minecraft:wall_torch":28,"create:contraption_controls":3,"quark:spruce_post":1,"create:sticky_mechanical_piston":1,"thirst:sand_filter":1,"minecraft:birch_log":4,"minecraft:light_gray_stained_glass":4,"pfm:basic_toilet":4,"minecraft:tinted_glass":2,"immersiveengineering:cokebrick":1,"cfm:stone_table":1,"minecraft:lilac":1,"biomesoplenty:maple_sapling":1,"minecraft:jukebox":2,"minecraft:smooth_stone_slab":25,"create:spout":1,"minecraft:grass":7,"create:vertical_framed_glass_pane":2,"minecraft:oak_log":1,"create:framed_glass_trapdoor":1,"another_furniture:light_gray_stool":10,"pfm:dark_wood_kitchen_counter":23,"cfm:brown_kitchen_counter":1,"pfm:oak_gray_simple_bed":2,"simplylight:illuminant_block":3,"embellishcraft:smooth_marble_stairs":26,"immersiveengineering:conveyor_basic":6,"minecraft:ancient_debris":10,"another_furniture:spruce_shelf":4,"minecraft:oak_leaves":2,"minecraft:daylight_detector":1,"cfm:stripped_spruce_coffee_table":4,"createdeco:andesite_door":6,"embellishcraft:gray_corrugated_metal_plate_pressure_plate":5,"embellishcraft:air_duct":14,"another_furniture:light_gray_tall_stool":2,"farmersdelight:wild_carrots":17,"pfm:deepslate_kitchen_drawer":6,"minecraft:dark_oak_log":7,"simplylight:illuminant_yellow_block":1,"minecraft:shulker_box":15,"minecraft:gray_stained_glass_pane":2,"pfm:dark_wood_simple_stool":2,"biomesoplenty:bush":1,"create:large_cogwheel":2,"create:depot":10,"embellishcraft:smooth_basalt_slab":2,"create:encased_fan":2,"create:mechanical_arm":4,"another_furniture:spruce_bench":12,"rocks:rock":1,"pfm:light_gray_shower_towel":2,"biomesoplenty:jacaranda_sapling":1,"ag_day_counter:calendar":2,"apocalypsenow:iron_locker":8,"minecraft:black_stained_glass_pane":1,"create:shaft":1,"cfm:stripped_spruce_desk":2,"simplylight:wall_lamp":1,"minecraft:gold_block":9,"minecraft:bookshelf":1,"simplylight:illuminant_slab":4,"rocks:birch_stick":1,"embellishcraft:warning_steel_door":2,"create:deployer":6,"biomesoplenty:barley":1,"embellishcraft:spruce_plain_door":8,"minecraft:stone":4,"minecraft:green_wool":8,"create_central_kitchen:blaze_stove":1,"cfm:stripped_spruce_desk_cabinet":2,"farmersdelight:cooking_pot":1,"quark:spruce_hedge":10,"minecraft:smithing_table":1,"pfm:deepslate_kitchen_wall_counter":30,"quark:smooth_stone_vertical_slab":5,"create:light_gray_seat":1,"pfm:basic_sink":4,"pfm:light_gray_simple_sofa":8,"quark:spruce_bookshelf":34,"minecraft:crafting_table":5,"create:fluid_pipe":10,"create:mechanical_pump":2,"minecraft:gray_stained_glass":17,"farmersdelight:carrot_crate":1,"minecraft:tall_grass":1,"biomesoplenty:sprout":1,"cfm:stripped_dark_oak_table":2,"immersiveengineering:concrete":2,"another_furniture:dark_oak_shutter":12,"create:schematic_table":1,"embellishcraft:vent_air_duct":1,"apocalypsenow:broken_plasma_tv":2,"create:turntable":2,"embellishcraft:smooth_marble":499,"immersiveengineering:steel_scaffolding_standard":1,"create:mechanical_crafter":6,"quark:spruce_chest":1,"minecraft:cobweb":5,"embellishcraft:polished_marble_wall":4,"minecraft:iron_trapdoor":3},"minecraft:picked_up":{"apocalypsenow:apple_juice":18,"cfm:stone_table":1,"minecraft:iron_trapdoor":1,"minecraft:anvil":1,"apocalypsenow:bloodybandages":1,"create:mechanical_crafter":6,"cfm:brown_kitchen_counter":1,"embellishcraft:warning_steel_door":4,"immersiveengineering:plate_duroplast":25,"create:spout":1,"pfm:light_wood_kitchen_drawer":2,"minecraft:smithing_table":1,"minecraft:lead":5,"biomesoplenty:orange_autumn_sapling":1,"minecraft:brown_bed":6,"embellishcraft:steel_wall_ladder":3,"minecraft:potion":17,"pfm:deepslate_kitchen_wall_small_drawer":12,"simplylight:wall_lamp":1,"create:bar_of_chocolate":14,"minecraft:string":1062,"minecraft:smooth_stone_slab":24,"pfm:oak_gray_simple_bed":3,"create:sweet_roll":5,"create:andesite_bars":38,"create:nixie_tube":2,"create:sticky_mechanical_piston":1,"create:mechanical_press":3,"embellishcraft:vent_air_duct":1,"minecraft:smooth_stone":5,"tac:m16a4":2,"apocalypsenow:emergency_axe":3,"create:contraption_controls":3,"minecraft:iron_pickaxe":1,"cfm:stripped_spruce_desk":2,"minecraft:coal_block":31,"apocalypsenow:tourist_axe":1,"minecraft:dark_oak_door":1,"minecraft:stick":24,"create:train_door":2,"farmersdelight:potato_crate":3,"immersiveengineering:connector_hv":4,"minecraft:jukebox":2,"embellishcraft:smooth_marble":563,"apocalypsenow:canned_pork":3,"minecraft:torch":101,"minecraft:green_bed":1,"quark:iron_rod":2,"pfm:deepslate_kitchen_drawer":6,"quark:blossom_log":39,"create:redstone_contact":1,"chalk:blue_chalk":1,"quark:charcoal_block":1,"quark:blossom_planks":69,"apocalypsenow:fire_figther_leggings":7,"quark:iron_button":2,"cfm:stripped_spruce_coffee_table":4,"minecraft:gray_stained_glass_pane":2,"create:large_cogwheel":2,"farmersdelight:melon_popsicle":3,"minecraft:quartz_block":8,"embellishcraft:spruce_plain_door":8,"apocalypsenow:porpsi":35,"farmersdelight:tomato_crate":2,"apocalypsenow:iron_locker":8,"minecraft:light_gray_bed":1,"minecraft:rotten_flesh":1134,"minecraft:iron_block":15,"minecraft:cyan_terracotta":1,"minecraft:green_wool":8,"create:mechanical_arm":4,"farmersdelight:melon_juice":13,"another_furniture:spruce_bench":12,"minecraft:iron_bars":1,"apocalypsenow:money_block":21,"minecraft:cobblestone":6,"biomesoplenty:lavender":3,"minecraft:birch_log":4,"apocalypsenow:u_sarmy_boots":9,"tac:round45":57,"minecraft:leather_chestplate":1,"minecraft:feather":4,"minecraft:lilac":1,"apocalypsenow:peach_juice":12,"minecraft:iron_door":11,"apocalypsenow:coffee":5,"tac:10_gauge_round":29,"createdeco:andesite_door":8,"minecraft:potato":10,"apocalypsenow:cereal":12,"contenttweaker:rubber":13,"zombie_extreme:computer_monitor":2,"quark:blossom_button":6,"embellishcraft:yellow_pillow":3,"farmersdelight:carrot_crate":1,"apocalypsenow:construction_chestplate":8,"pfm:white_shower_towel":3,"create:display_link":2,"minecraft:lantern":2,"embellishcraft:gray_pillow":1,"farmersdelight:tomato":16,"minecraft:dirt":4,"apocalypsenow:canned_tomatos":8,"lootr:trophy":5,"cfm:stripped_oak_coffee_table":1,"embellishcraft:marble_button":5,"minecraft:leather_boots":1,"another_furniture:dark_oak_shutter":12,"minecraft:bone":752,"minecraft:gray_terracotta":6,"minecraft:wheat_seeds":3,"apocalypsenow:human_flesh":28,"ftbquests:book":1,"apocalypsenow:beer":5,"pfm:basic_toilet":4,"create:shaft":1,"farmersdelight:egg_sandwich":3,"apocalypsenow:cloth":57,"minecraft:glowstone_dust":24,"tac:9mm_round":134,"minecraft:oak_planks":1,"firstaid:plaster":6,"apocalypsenow:canned_carrot":4,"apocalypsenow:u_sarmy_chestplate":10,"quark:smooth_stone_vertical_slab":5,"pfm:white_mirror":6,"patchouli:guide_book":1,"chalk:red_chalk":1,"create:cogwheel":8,"embellishcraft:basalt_button":3,"embellishcraft:smooth_marble_stairs":29,"apocalypsenow:chips":9,"apocalypsenow:canned_fish":8,"cfm:oak_hedge":3,"embellishcraft:red_pillow":4,"minecraft:dark_oak_log":7,"alexsmobs:bison_carpet":1,"minecraft:shulker_box":15,"apocalypsenow:coke":28,"pfm:dark_wood_simple_stool":2,"apocalypsenow:broken_plasma_tv":2,"minecraft:slime_block":2,"tac:m92fs":1,"minecraft:polished_blackstone_pressure_plate":7,"minecraft:soul_lantern":2,"pfm:basic_shower_head":3,"apocalypsenow:blue_football_armor_chestplate":1,"minecraft:bread":8,"create:framed_glass_door":1,"alexsmobs:maggot":4,"apocalypsenow:construction_helmet":14,"apocalypsenow:scissorst":1,"immersiveengineering:conveyor_basic":6,"rocks:cobblestone_splitter":1,"minecraft:crafting_table":4,"apocalypsenow:fire_figther_boots":11,"minecraft:chicken":4,"thirst:sand_filter":1,"minecraft:wooden_pickaxe":1,"apocalypsenow:blue_football_armor_helmet":1,"minecraft:stone_brick_wall":10,"minecraft:gold_block":9,"apocalypsenow:u_sarmy_helmet":3,"biomesoplenty:jacaranda_sapling":4,"create:schematic_table":1,"minecraft:heavy_weighted_pressure_plate":2,"simplylight:illuminant_slab":4,"create:fluid_pipe":10,"cfm:stripped_dark_oak_table":2,"minecraft:flint_and_steel":3,"pfm:deepslate_kitchen_wall_counter":30,"minecraft:white_carpet":4,"minecraft:compass":6,"minecraft:iron_shovel":1,"quark:spruce_chest":1,"apocalypsenow:construction_boots":5,"another_furniture:spruce_shelf":4,"embellishcraft:sturdy_steel_door":8,"minecraft:spruce_slab":1,"quark:yellow_blossom_sapling":2,"minecraft:tinted_glass":2,"minecraft:quartz_stairs":2,"farmersdelight:canvas_rug":3,"minecraft:chest":11,"apocalypsenow:hookey_stick":1,"createdeco:yellow_decal":7,"farmersdelight:cabbage_crate":2,"sophisticatedbackpacks:backpack":1,"minecraft:spruce_fence":1,"create:light_gray_seat":1,"embellishcraft:smooth_gneiss":1,"create:hand_crank":1,"minecraft:carrot":21,"immersiveengineering:concrete":2,"tac:b_magnum":16,"minecraft:dark_oak_planks":1,"create:deployer":6,"quark:spruce_post":1,"buildersdelight:industrial_flat_2":2,"immersiveengineering:steel_scaffolding_standard":1,"apocalypsenow:whisky":10,"biomesoplenty:jacaranda_log":8,"farmersdelight:hamburger":1,"create:depot":10,"another_furniture:light_gray_tall_stool":2,"apocalypsenow:fire_figther_chestplate":12,"apocalypsenow:suturekit":2,"cfm:gray_picket_fence":9,"immersiveengineering:metal_barrel":8,"apocalypsenow:survival_axe":1,"immersiveengineering:connector_lv":2,"another_furniture:light_gray_stool":10,"minecraft:glow_ink_sac":1,"embellishcraft:gray_corrugated_metal_plate_pressure_plate":6,"pfm:dark_wood_kitchen_counter":23,"cfm:stripped_spruce_desk_cabinet":2,"create:framed_glass_trapdoor":1,"apocalypsenow:orange_juice":11,"pfm:light_gray_arm_chair":4,"minecraft:oak_log":19,"embellishcraft:polished_marble":2,"minecraft:ancient_debris":10,"minecraft:gunpowder":13,"create:blaze_burner":1,"minecraft:paper":35,"embellishcraft:plate":1,"createdeco:locked_cast_iron_door":1,"apocalypsenow:u_sarmy_leggings":4,"apocalypsenow:construction_leggings":11,"farmersdelight:cooking_pot":1,"farmersdelight:apple_cider":11,"apocalypsenow:money":21,"minecraft:iron_ingot":8,"create:analog_lever":1,"apocalypsenow:fire_figther_helmet":7,"minecraft:glass_bottle":62,"simplylight:illuminant_block":1,"minecraft:polished_andesite_slab":3,"minecraft:iron_sword":2,"tac:ae50":17,"apocalypsenow:grape_juice":9,"minecraft:book":105,"quark:spruce_hedge":10,"quark:light_gray_shard":24,"minecraft:polished_andesite_stairs":11,"pfm:light_gray_simple_sofa":8,"pfm:light_gray_shower_towel":3,"minecraft:daylight_detector":1,"minecraft:quartz":22,"embellishcraft:smooth_basalt_slab":2,"apocalypsenow:vodka":3,"minecraft:blast_furnace":1,"minecraft:spruce_log":5,"create:turntable":2,"pfm:basic_sink":4,"apocalypsenow:red_football_armor_leggings":1,"biomesoplenty:maple_sapling":2,"immersiveengineering:seed":1,"ag_day_counter:calendar":2,"create:encased_fan":2,"create:mechanical_pump":2,"embellishcraft:air_duct":16,"quark:gray_shard":53,"pfm:deepslate_kitchen_counter":12,"embellishcraft:polished_marble_wall":4},"minecraft:dropped":{"quark:spruce_post":1,"farmersdelight:hamburger":66,"minecraft:iron_sword":2,"createdeco:yellow_decal":1,"minecraft:oak_log":5,"tac:m16a4":1,"minecraft:glass_bottle":83,"farmersdelight:canvas_rug":1,"quark:light_gray_shard":13,"minecraft:polished_blackstone_pressure_plate":4,"apocalypsenow:construction_leggings":1,"farmersdelight:sweet_berry_cookie":4,"apocalypsenow:construction_helmet":2,"embellishcraft:gray_corrugated_metal_plate_pressure_plate":1,"tac:m92fs":1,"minecraft:iron_pickaxe":1,"minecraft:dark_oak_planks":1,"ftbquests:book":1,"embellishcraft:polished_marble":2,"minecraft:bone":30,"apocalypsenow:scissorst":1,"create:andesite_bars":1,"minecraft:polished_andesite_slab":3,"minecraft:tinted_glass":1,"minecraft:rotten_flesh":152,"minecraft:oak_planks":8,"patchouli:guide_book":1,"apocalypsenow:baseball_bat":1,"minecraft:leather_chestplate":1,"apocalypsenow:serrated_machete":1,"minecraft:gunpowder":10,"apocalypsenow:fire_figther_leggings":3,"minecraft:quartz_block":2,"apocalypsenow:dagger":1,"minecraft:iron_bars":1,"apocalypsenow:human_flesh":10,"minecraft:iron_ingot":13,"minecraft:bread":8,"minecraft:wheat_seeds":1,"minecraft:gray_stained_glass_pane":2,"embellishcraft:basalt_button":2,"pfm:white_shower_towel":2,"biomesoplenty:maple_sapling":2,"minecraft:cobblestone":3,"quark:gray_shard":10,"minecraft:coal":2,"minecraft:stick":20,"apocalypsenow:fire_figther_chestplate":1,"chalk:red_chalk":1,"minecraft:torch":17,"minecraft:iron_door":7,"minecraft:potion":11,"pfm:oak_gray_simple_bed":1,"embellishcraft:marble_button":4,"minecraft:string":42,"chalk:blue_chalk":1,"farmersdelight:melon_juice":29,"alexsmobs:maggot":2,"apocalypsenow:fire_figther_helmet":2,"embellishcraft:smooth_marble":4,"minecraft:white_carpet":3,"minecraft:spruce_fence":1,"cfm:oak_hedge":3,"minecraft:wooden_pickaxe":1,"apocalypsenow:emergency_axe":2,"farmersdelight:apple_cider":3,"firstaid:plaster":6},"minecraft:killed_by":{"undead_revamp2:the_moonflower":3,"minecraft:zombie":4,"undead_revamp2:thesmoker":1,"minecraft:husk":3,"minecraft:player":2,"zombie_extreme:infected_police":1},"minecraft:used":{"minecraft:spruce_slab":110,"minecraft:chest":11,"securitycraft:security_camera":1,"minecraft:stone":2,"minecraft:iron_sword":601,"lootr:trophy":1,"create:analog_lever":1,"farmersdelight:melon_juice":248,"immersiveengineering:craftingtable":1,"embellishcraft:smooth_marble":92,"securitycraft:camera_monitor":1,"another_furniture:dark_oak_shelf":4,"pfm:white_simple_sofa":16,"embellishcraft:polished_gneiss":7,"ag_day_counter:calendar":1,"minecraft:villager_spawn_egg":1,"minecraft:black_stained_glass_pane":72,"minecraft:grass_block":159,"simplylight:illuminant_yellow_block_on":1,"minecraft:polished_andesite_stairs":16,"simplylight:illuminant_lime_block_on":1,"pfm:white_freezer":3,"simplylight:illuminant_red_block_on":1,"farmersdelight:cutting_board":1,"embellishcraft:gray_corrugated_metal_plate_pressure_plate":2,"apocalypsenow:emergency_axe":1402,"chalk:chalk_box":1,"farmersdelight:hamburger":114,"simplylight:illuminant_slab":6,"pfm:white_fridge":3,"pfm:kitchen_stovetop":1,"minecraft:oak_planks":68,"simplylight:edge_light_top":171,"minecraft:wooden_pickaxe":18,"minecraft:diamond_axe":43,"pfm:light_wood_kitchen_drawer":15,"simplylight:illuminant_block_on":17,"minecraft:golden_apple":1,"farmersdelight:chicken_sandwich":5,"another_furniture:spruce_shutter":7,"minecraft:blast_furnace":1,"pfm:light_wood_kitchen_counter":13,"minecraft:stone_brick_wall":13,"pfm:light_wood_chair_classic":13,"biomesoplenty:jacaranda_planks":3,"sophisticatedbackpacks:backpack":1,"easy_villagers:villager":1,"cfm:stripped_oak_coffee_table":1,"minecraft:gray_stained_glass_pane":16,"minecraft:string":8,"minecraft:iron_door":1,"minecraft:deepslate":9,"pfm:dark_wood_simple_stool":2,"quark:iron_button":2,"minecraft:smithing_table":1,"create:andesite_bars":94,"another_furniture:oak_shelf":50,"pfm:oak_gray_simple_bed":2,"pfm:light_wood_table_basic":26,"minecraft:stone_sword":4,"pfm:dark_wood_kitchen_counter":23,"minecraft:spruce_planks":748,"minecraft:tinted_glass":121,"cfm:stripped_spruce_coffee_table":4,"simplylight:illuminant_orange_block_on":1,"minecraft:torch":790,"minecraft:anvil":1,"minecraft:spruce_stairs":49,"pfm:light_wood_kitchen_counter_oven":2,"minecraft:shulker_box":14,"minecraft:dark_oak_planks":14,"immersiveengineering:workbench":1,"quark:spruce_chest":32,"minecraft:iron_axe":186,"minecraft:iron_trapdoor":1,"quark:blossom_planks":156,"apocalypsenow:porpsi":3,"minecraft:light_gray_bed":1,"minecraft:brown_bed":5,"minecraft:enchanted_golden_apple":1,"tac:workbench":1,"minecraft:birch_planks":8,"minecraft:glass_bottle":6,"minecraft:polished_andesite":1,"apocalypsenow:broken_tv":1,"pfm:oak_light_gray_simple_bed":5,"minecraft:spruce_sign":1,"minecraft:green_bed":1,"create:framed_glass_trapdoor":1,"apocalypsenow:broken_plasma_tv":2,"minecraft:polished_blackstone_pressure_plate":1,"quark:spruce_hedge":13,"create:polished_cut_diorite":1,"minecraft:oak_slab":10,"minecraft:crafting_table":9,"car:canister":22,"embellishcraft:smooth_marble_stairs":2,"minecraft:gray_terracotta":2,"minecraft:diamond_pickaxe":704,"quark:oak_hedge":6,"minecraft:iron_pickaxe":511,"cgm:grenade":1,"createdeco:yellow_decal":2,"minecraft:potion":18,"pfm:light_wood_kitchen_sink":1,"cfm:stripped_oak_bedside_cabinet":14,"apocalypsenow:peach_juice":1},"minecraft:killed":{"undead_revamp2:thesmoker":28,"minecraft:chicken":1,"undead_revamp2:thepregnant":1,"minecraft:zombie_villager":2,"undead_revamp2:theordure":4,"minecraft:zombie":635,"zombie_extreme:infected_police":3,"alexsmobs:fly":2,"alexsmobs:seagull":3,"undead_revamp2:bomber":4,"zombiemobs:zombie_wolf":1,"zombie_extreme:runner":3,"zombiemobs:zombie_cow":1,"minecraft:husk":39,"undead_revamp2:the_moonflower":23,"minecraft:villager":1},"minecraft:broken":{"apocalypsenow:u_sarmy_leggings":1,"apocalypsenow:u_sarmy_chestplate":1,"minecraft:iron_axe":1,"minecraft:iron_pickaxe":1},"minecraft:custom":{"lootr:looted_stat":208,"minecraft:interact_with_crafting_table":43,"minecraft:open_barrel":5,"minecraft:microwave_used":2,"minecraft:open_shulker_box":28,"minecraft:eat_cake_slice":5,"minecraft:leave_game":42,"minecraft:time_since_death":38281,"minecraft:damage_resisted":9,"minecraft:sprint_one_cm":1351716,"minecraft:drop":210,"minecraft:use_bathtub":1,"minecraft:talked_to_villager":12,"minecraft:play_time":835407,"minecraft:deaths":25,"minecraft:jump":8244,"minecraft:walk_on_water_one_cm":16182,"minecraft:interact_with_furnace":8,"minecraft:stove_opened":13,"minecraft:sleep_in_bed":11,"minecraft:damage_dealt":87073,"minecraft:player_kills":3,"minecraft:crouch_one_cm":175298,"minecraft:interact_with_smithing_table":3,"minecraft:interact_with_anvil":1,"minecraft:mob_kills":965,"minecraft:damage_dealt_resisted":2883,"minecraft:climb_one_cm":91606,"minecraft:walk_one_cm":2164893,"minecraft:fridge_opened":72,"minecraft:chair_used":7,"minecraft:damage_dealt_absorbed":188,"minecraft:sneak_time":42562,"minecraft:walk_under_water_one_cm":5460,"minecraft:boat_one_cm":576,"minecraft:drawer_searched":144,"minecraft:interact_with_blast_furnace":4,"minecraft:total_world_time":836182,"minecraft:toilet_used":12,"minecraft:trashcan_opened":6,"minecraft:time_since_rest":14776,"minecraft:damage_taken":14761,"minecraft:swim_one_cm":5594,"minecraft:freezer_opened":27,"minecraft:fly_one_cm":3223620,"minecraft:open_chest":445,"minecraft:fall_one_cm":207279},"minecraft:crafted":{"apocalypsenow:construction_leggings":1,"apocalypsenow:u_sarmy_helmet":4,"minecraft:crafting_table":2,"apocalypsenow:u_sarmy_leggings":2,"minecraft:stick":24,"minecraft:iron_block":1,"immersiveengineering:stick_treated":12,"immersiveengineering:slab_treated_wood_vertical":12,"apocalypsenow:u_sarmy_chestplate":5,"comforts:sleeping_bag_white":1,"firstaid:plaster":1,"immersiveengineering:treated_wood_vertical":11,"minecraft:spruce_slab":6,"immersiveengineering:treated_fence":3,"quark:spruce_chest":2,"minecraft:netherite_scrap":10,"apocalypsenow:u_sarmy_boots":4,"sophisticatedbackpacks:iron_backpack":1,"minecraft:spruce_sign":3,"apocalypsenow:emergency_axe":4,"sophisticatedbackpacks:gold_backpack":1,"minecraft:air":472,"minecraft:white_wool":10}},"DataVersion":2975}