{"stats":{"minecraft:mined":{"minecraft:gray_terracotta":4,"farmersdelight:wild_carrots":5,"minecraft:dark_oak_log":7,"minecraft:shulker_box":8,"minecraft:torch":1,"minecraft:crafting_table":2,"minecraft:grass_block":4,"minecraft:gray_stained_glass":4,"create:polished_cut_calcite_wall":1,"minecraft:light_gray_bed":1,"embellishcraft:polished_marble":1,"minecraft:tall_grass":1,"biomesoplenty:sprout":1,"minecraft:oak_planks":1,"minecraft:wall_torch":9,"minecraft:spawner":18,"immersiveengineering:concrete":2,"create:vertical_framed_glass":3,"minecraft:light_gray_stained_glass":2,"cfm:stone_table":1,"biomesoplenty:lavender":3,"biomesoplenty:maple_sapling":1,"minecraft:brown_bed":3,"minecraft:grass":3,"create:vertical_framed_glass_pane":2,"minecraft:oak_log":1,"minecraft:oak_leaves":1,"create:dark_oak_window_pane":1,"minecraft:iron_trapdoor":2},"minecraft:dropped":{"apocalypsenow:human_flesh":1,"farmersdelight:hamburger":66,"minecraft:iron_ingot":13,"minecraft:bread":8,"minecraft:iron_sword":1,"apocalypsenow:scissorst":1,"minecraft:glass_bottle":2,"biomesoplenty:maple_sapling":2,"minecraft:rotten_flesh":13,"minecraft:oak_planks":8,"quark:gray_shard":4,"minecraft:spruce_fence":1,"minecraft:coal":2,"patchouli:guide_book":1,"minecraft:stick":1,"apocalypsenow:baseball_bat":1,"minecraft:leather_chestplate":1,"apocalypsenow:serrated_machete":1,"chalk:red_chalk":1,"minecraft:polished_blackstone_pressure_plate":4,"minecraft:torch":16,"apocalypsenow:dagger":1,"cfm:oak_hedge":3,"farmersdelight:sweet_berry_cookie":4,"minecraft:potion":11,"minecraft:wooden_pickaxe":1,"minecraft:iron_pickaxe":1,"farmersdelight:apple_cider":3,"firstaid:plaster":6,"minecraft:string":4,"minecraft:dark_oak_planks":1,"ftbquests:book":1,"embellishcraft:polished_marble":2,"chalk:blue_chalk":1,"minecraft:bone":2},"minecraft:used":{"minecraft:glass_bottle":6,"minecraft:oak_planks":48,"minecraft:wooden_pickaxe":18,"minecraft:iron_sword":260,"farmersdelight:melon_juice":2,"minecraft:torch":48,"farmersdelight:chicken_sandwich":5,"minecraft:crafting_table":3,"minecraft:shulker_box":7,"biomesoplenty:jacaranda_planks":3,"minecraft:gray_terracotta":2,"minecraft:dark_oak_planks":14,"minecraft:iron_axe":32,"minecraft:iron_pickaxe":34,"cgm:grenade":1,"minecraft:potion":12,"minecraft:light_gray_bed":1,"minecraft:brown_bed":2},"minecraft:custom":{"minecraft:interact_with_furnace":3,"lootr:looted_stat":23,"minecraft:mob_kills":28,"minecraft:toilet_used":10,"minecraft:interact_with_crafting_table":2,"minecraft:open_shulker_box":9,"minecraft:stove_opened":2,"minecraft:damage_dealt_resisted":653,"minecraft:leave_game":9,"minecraft:time_since_death":14602,"minecraft:sleep_in_bed":2,"minecraft:climb_one_cm":33342,"minecraft:time_since_rest":8360,"minecraft:sprint_one_cm":203738,"minecraft:damage_taken":3126,"minecraft:walk_one_cm":244490,"minecraft:fridge_opened":2,"minecraft:drop":54,"minecraft:damage_dealt":14136,"minecraft:damage_dealt_absorbed":78,"minecraft:swim_one_cm":4267,"minecraft:player_kills":1,"minecraft:fly_one_cm":719720,"minecraft:play_time":123080,"minecraft:crouch_one_cm":9606,"minecraft:deaths":9,"minecraft:sneak_time":3623,"minecraft:walk_under_water_one_cm":187,"minecraft:jump":2344,"minecraft:walk_on_water_one_cm":3324,"minecraft:total_world_time":123855,"minecraft:fall_one_cm":71976},"minecraft:killed":{"minecraft:husk":5,"undead_revamp2:thesmoker":1,"minecraft:zombie":20,"zombiemobs:zombie_wolf":1,"zombie_extreme:runner":1},"minecraft:picked_up":{"biomesoplenty:lavender":3,"minecraft:crafting_table":1,"minecraft:leather_chestplate":1,"cfm:stone_table":1,"minecraft:wooden_pickaxe":1,"biomesoplenty:orange_autumn_sapling":1,"minecraft:brown_bed":3,"embellishcraft:steel_wall_ladder":3,"minecraft:potion":11,"minecraft:oak_log":14,"embellishcraft:polished_marble":2,"minecraft:dirt":2,"minecraft:string":12,"embellishcraft:plate":1,"minecraft:bone":4,"minecraft:wheat_seeds":1,"minecraft:gray_terracotta":4,"apocalypsenow:human_flesh":6,"ftbquests:book":1,"minecraft:iron_pickaxe":1,"tac:9mm_round":5,"minecraft:quartz_stairs":2,"minecraft:oak_planks":1,"minecraft:iron_sword":1,"minecraft:dark_oak_door":1,"quark:light_gray_shard":5,"firstaid:plaster":6,"minecraft:stick":2,"patchouli:guide_book":1,"chalk:red_chalk":1,"minecraft:torch":26,"minecraft:spruce_fence":1,"cfm:oak_hedge":3,"chalk:blue_chalk":1,"minecraft:carrot":5,"immersiveengineering:concrete":2,"minecraft:dark_oak_log":7,"minecraft:shulker_box":8,"minecraft:dark_oak_planks":1,"minecraft:quartz_block":2,"apocalypsenow:porpsi":1,"biomesoplenty:maple_sapling":2,"minecraft:light_gray_bed":1,"minecraft:rotten_flesh":17,"biomesoplenty:jacaranda_log":4,"minecraft:polished_blackstone_pressure_plate":5,"minecraft:bread":8,"quark:gray_shard":15,"apocalypsenow:scissorst":1},"minecraft:killed_by":{"minecraft:husk":2,"minecraft:player":1,"undead_revamp2:the_moonflower":2,"minecraft:zombie":2,"undead_revamp2:thesmoker":1},"minecraft:crafted":{"minecraft:air":105,"minecraft:stick":8}},"DataVersion":2975}