{"stats":{"minecraft:broken":{"apocalypsenow:u_sarmy_leggings":1,"apocalypsenow:u_sarmy_chestplate":1,"minecraft:iron_pickaxe":1},"minecraft:mined":{"createdeco:andesite_door":1,"embellishcraft:gray_corrugated_metal_plate_pressure_plate":5,"embellishcraft:sturdy_steel_door":4,"pfm:deepslate_kitchen_drawer":1,"farmersdelight:wild_carrots":5,"minecraft:dark_oak_log":7,"simplylight:illuminant_yellow_block":1,"farmersdelight:canvas_rug":2,"minecraft:shulker_box":15,"pfm:dark_wood_simple_stool":2,"pfm:deepslate_kitchen_wall_small_drawer":6,"minecraft:grass_block":4,"minecraft:stone_brick_wall":1,"create:polished_cut_calcite_wall":1,"minecraft:light_gray_bed":1,"embellishcraft:smooth_gneiss":1,"embellishcraft:smooth_basalt_slab":1,"another_furniture:spruce_bench":4,"biomesoplenty:jacaranda_sapling":1,"minecraft:spawner":100,"minecraft:smooth_stone":5,"minecraft:black_stained_glass_pane":1,"create:vertical_framed_glass":4,"biomesoplenty:lavender":3,"quark:blossom_planks":19,"minecraft:anvil":1,"minecraft:gold_block":3,"minecraft:brown_bed":6,"simplylight:illuminant_slab":1,"minecraft:bookshelf":1,"pfm:white_shower_towel":1,"pfm:deepslate_kitchen_counter":1,"minecraft:green_bed":1,"minecraft:stone":4,"minecraft:iron_block":5,"create:dark_oak_window_pane":1,"minecraft:green_wool":8,"minecraft:spruce_slab":1,"quark:spruce_hedge":7,"biomesoplenty:jacaranda_leaves":1,"alexsmobs:bison_carpet":1,"minecraft:gray_terracotta":4,"pfm:deepslate_kitchen_wall_counter":14,"lootr:lootr_chest":2,"minecraft:quartz_block":4,"minecraft:cyan_terracotta":1,"quark:spruce_bookshelf":34,"apocalypsenow:money_block":7,"minecraft:crafting_table":4,"minecraft:torch":16,"quark:charcoal_block":1,"minecraft:gray_stained_glass":13,"minecraft:chest":3,"embellishcraft:polished_marble":1,"minecraft:tall_grass":1,"biomesoplenty:sprout":1,"cfm:stripped_dark_oak_table":2,"minecraft:oak_planks":1,"minecraft:iron_door":3,"minecraft:wall_torch":23,"immersiveengineering:concrete":2,"another_furniture:dark_oak_shutter":12,"apocalypsenow:broken_plasma_tv":1,"minecraft:tinted_glass":1,"minecraft:light_gray_stained_glass":4,"cfm:stone_table":1,"biomesoplenty:maple_sapling":1,"minecraft:jukebox":1,"minecraft:grass":3,"embellishcraft:smooth_marble":33,"immersiveengineering:steel_scaffolding_standard":1,"create:vertical_framed_glass_pane":2,"minecraft:oak_log":1,"create:framed_glass_trapdoor":1,"another_furniture:light_gray_stool":10,"pfm:dark_wood_kitchen_counter":23,"cfm:brown_kitchen_counter":1,"pfm:oak_gray_simple_bed":2,"minecraft:cobweb":5,"simplylight:illuminant_block":1,"minecraft:oak_leaves":1,"minecraft:iron_trapdoor":3},"minecraft:killed":{"undead_revamp2:thesmoker":20,"alexsmobs:seagull":3,"minecraft:chicken":1,"zombiemobs:zombie_wolf":1,"undead_revamp2:thepregnant":1,"zombie_extreme:runner":3,"minecraft:husk":23,"minecraft:zombie_villager":2,"undead_revamp2:the_moonflower":14,"undead_revamp2:theordure":2,"minecraft:zombie":441,"zombie_extreme:infected_police":2,"alexsmobs:fly":1},"minecraft:picked_up":{"minecraft:crafting_table":3,"apocalypsenow:fire_figther_boots":4,"cfm:stone_table":1,"minecraft:chicken":3,"minecraft:iron_trapdoor":1,"minecraft:anvil":1,"apocalypsenow:bloodybandages":1,"cfm:brown_kitchen_counter":1,"minecraft:wooden_pickaxe":1,"biomesoplenty:orange_autumn_sapling":1,"apocalypsenow:u_sarmy_helmet":3,"minecraft:brown_bed":6,"biomesoplenty:jacaranda_sapling":4,"embellishcraft:steel_wall_ladder":3,"minecraft:gold_block":3,"minecraft:potion":11,"pfm:deepslate_kitchen_wall_small_drawer":6,"simplylight:illuminant_slab":1,"minecraft:string":739,"cfm:stripped_dark_oak_table":2,"pfm:deepslate_kitchen_wall_counter":14,"pfm:oak_gray_simple_bed":3,"minecraft:smooth_stone":5,"apocalypsenow:construction_boots":4,"minecraft:chest":5,"apocalypsenow:emergency_axe":3,"embellishcraft:sturdy_steel_door":4,"minecraft:iron_pickaxe":1,"minecraft:spruce_slab":1,"minecraft:tinted_glass":1,"quark:yellow_blossom_sapling":2,"minecraft:quartz_stairs":2,"farmersdelight:canvas_rug":3,"minecraft:dark_oak_door":1,"minecraft:stick":17,"createdeco:yellow_decal":5,"minecraft:jukebox":1,"embellishcraft:smooth_marble":37,"minecraft:green_bed":1,"minecraft:torch":57,"minecraft:spruce_fence":1,"sophisticatedbackpacks:backpack":1,"pfm:deepslate_kitchen_drawer":1,"quark:blossom_log":39,"embellishcraft:smooth_gneiss":1,"chalk:blue_chalk":1,"minecraft:carrot":12,"immersiveengineering:concrete":2,"quark:charcoal_block":1,"apocalypsenow:fire_figther_leggings":4,"quark:blossom_planks":19,"minecraft:dark_oak_planks":1,"minecraft:quartz_block":8,"apocalypsenow:porpsi":15,"immersiveengineering:steel_scaffolding_standard":1,"minecraft:light_gray_bed":1,"minecraft:rotten_flesh":801,"biomesoplenty:jacaranda_log":8,"another_furniture:spruce_bench":4,"farmersdelight:hamburger":1,"minecraft:iron_block":5,"minecraft:cyan_terracotta":1,"minecraft:green_wool":8,"farmersdelight:melon_juice":12,"apocalypsenow:fire_figther_chestplate":9,"apocalypsenow:money_block":7,"minecraft:cobblestone":6,"apocalypsenow:survival_axe":1,"biomesoplenty:lavender":3,"apocalypsenow:u_sarmy_boots":6,"tac:round45":28,"minecraft:leather_chestplate":1,"minecraft:feather":3,"another_furniture:light_gray_stool":10,"apocalypsenow:peach_juice":7,"minecraft:iron_door":6,"embellishcraft:gray_corrugated_metal_plate_pressure_plate":6,"pfm:dark_wood_kitchen_counter":23,"createdeco:andesite_door":1,"create:framed_glass_trapdoor":1,"minecraft:potato":6,"apocalypsenow:orange_juice":2,"minecraft:oak_log":14,"embellishcraft:polished_marble":2,"minecraft:gunpowder":2,"minecraft:lantern":1,"apocalypsenow:construction_chestplate":4,"pfm:white_shower_towel":3,"farmersdelight:tomato":16,"minecraft:dirt":2,"another_furniture:dark_oak_shutter":12,"minecraft:leather_boots":1,"apocalypsenow:u_sarmy_leggings":3,"embellishcraft:plate":1,"minecraft:bone":500,"apocalypsenow:construction_leggings":9,"minecraft:gray_terracotta":4,"minecraft:wheat_seeds":2,"apocalypsenow:human_flesh":21,"ftbquests:book":1,"apocalypsenow:beer":2,"apocalypsenow:money":7,"minecraft:iron_ingot":6,"create:analog_lever":1,"apocalypsenow:cloth":27,"apocalypsenow:fire_figther_helmet":4,"minecraft:glass_bottle":53,"simplylight:illuminant_block":1,"tac:9mm_round":59,"minecraft:iron_sword":2,"minecraft:oak_planks":1,"apocalypsenow:grape_juice":2,"quark:spruce_hedge":7,"minecraft:book":105,"quark:light_gray_shard":24,"firstaid:plaster":6,"apocalypsenow:u_sarmy_chestplate":7,"patchouli:guide_book":1,"chalk:red_chalk":1,"embellishcraft:smooth_basalt_slab":1,"cfm:oak_hedge":3,"embellishcraft:red_pillow":1,"minecraft:dark_oak_log":7,"alexsmobs:bison_carpet":1,"minecraft:shulker_box":15,"apocalypsenow:coke":3,"pfm:dark_wood_simple_stool":2,"apocalypsenow:broken_plasma_tv":1,"biomesoplenty:maple_sapling":2,"minecraft:polished_blackstone_pressure_plate":6,"minecraft:bread":8,"create:framed_glass_door":1,"alexsmobs:maggot":2,"quark:gray_shard":47,"pfm:deepslate_kitchen_counter":1,"apocalypsenow:construction_helmet":10,"apocalypsenow:scissorst":1,"apocalypsenow:apple_juice":4},"minecraft:custom":{"lootr:looted_stat":126,"minecraft:interact_with_anvil":1,"minecraft:mob_kills":676,"minecraft:interact_with_crafting_table":12,"minecraft:open_barrel":3,"minecraft:open_shulker_box":28,"minecraft:damage_dealt_resisted":880,"minecraft:eat_cake_slice":5,"minecraft:leave_game":26,"minecraft:time_since_death":44529,"minecraft:climb_one_cm":69679,"minecraft:sprint_one_cm":534438,"minecraft:walk_one_cm":1159031,"minecraft:fridge_opened":49,"minecraft:drop":142,"minecraft:damage_dealt_absorbed":148,"minecraft:chair_used":4,"minecraft:use_bathtub":1,"minecraft:talked_to_villager":4,"minecraft:play_time":438767,"minecraft:sneak_time":14309,"minecraft:deaths":20,"minecraft:walk_under_water_one_cm":435,"minecraft:jump":5098,"minecraft:drawer_searched":82,"minecraft:walk_on_water_one_cm":8226,"minecraft:total_world_time":439542,"minecraft:interact_with_furnace":6,"minecraft:toilet_used":12,"minecraft:stove_opened":7,"minecraft:trashcan_opened":5,"minecraft:sleep_in_bed":7,"minecraft:time_since_rest":44560,"minecraft:damage_taken":9597,"minecraft:damage_dealt":63468,"minecraft:player_kills":1,"minecraft:swim_one_cm":4267,"minecraft:freezer_opened":21,"minecraft:fly_one_cm":1576118,"minecraft:open_chest":1,"minecraft:crouch_one_cm":35195,"minecraft:fall_one_cm":134888},"minecraft:killed_by":{"minecraft:husk":3,"minecraft:player":1,"undead_revamp2:the_moonflower":3,"minecraft:zombie":4,"undead_revamp2:thesmoker":1},"minecraft:used":{"pfm:oak_gray_simple_bed":2,"pfm:dark_wood_kitchen_counter":23,"minecraft:chest":5,"minecraft:tinted_glass":121,"minecraft:iron_sword":601,"farmersdelight:melon_juice":158,"create:analog_lever":1,"minecraft:torch":219,"minecraft:anvil":1,"minecraft:shulker_box":14,"embellishcraft:smooth_marble":6,"minecraft:dark_oak_planks":14,"minecraft:iron_axe":126,"minecraft:black_stained_glass_pane":67,"embellishcraft:gray_corrugated_metal_plate_pressure_plate":2,"minecraft:iron_trapdoor":1,"apocalypsenow:emergency_axe":935,"quark:blossom_planks":155,"minecraft:light_gray_bed":1,"minecraft:brown_bed":5,"farmersdelight:hamburger":73,"minecraft:glass_bottle":6,"minecraft:oak_planks":48,"minecraft:wooden_pickaxe":18,"create:framed_glass_trapdoor":1,"minecraft:green_bed":1,"minecraft:polished_blackstone_pressure_plate":1,"farmersdelight:chicken_sandwich":5,"minecraft:crafting_table":8,"biomesoplenty:jacaranda_planks":3,"minecraft:gray_terracotta":2,"sophisticatedbackpacks:backpack":1,"minecraft:iron_pickaxe":278,"cgm:grenade":1,"createdeco:yellow_decal":2,"pfm:dark_wood_simple_stool":2,"minecraft:potion":18},"minecraft:crafted":{"apocalypsenow:construction_leggings":1,"firstaid:plaster":1,"apocalypsenow:u_sarmy_helmet":3,"apocalypsenow:u_sarmy_boots":4,"sophisticatedbackpacks:iron_backpack":1,"apocalypsenow:emergency_axe":4,"sophisticatedbackpacks:gold_backpack":1,"minecraft:air":390,"minecraft:white_wool":10,"minecraft:stick":12},"minecraft:dropped":{"apocalypsenow:human_flesh":7,"farmersdelight:hamburger":66,"minecraft:iron_ingot":13,"minecraft:bread":8,"minecraft:iron_sword":2,"minecraft:wheat_seeds":1,"createdeco:yellow_decal":1,"pfm:white_shower_towel":2,"minecraft:glass_bottle":55,"biomesoplenty:maple_sapling":2,"minecraft:cobblestone":3,"quark:gray_shard":4,"farmersdelight:canvas_rug":1,"minecraft:coal":2,"minecraft:stick":16,"quark:light_gray_shard":13,"chalk:red_chalk":1,"apocalypsenow:fire_figther_chestplate":1,"minecraft:polished_blackstone_pressure_plate":4,"minecraft:torch":16,"apocalypsenow:construction_leggings":1,"farmersdelight:sweet_berry_cookie":4,"minecraft:iron_door":3,"minecraft:potion":11,"pfm:oak_gray_simple_bed":1,"embellishcraft:gray_corrugated_metal_plate_pressure_plate":1,"minecraft:iron_pickaxe":1,"minecraft:dark_oak_planks":1,"minecraft:string":22,"ftbquests:book":1,"embellishcraft:polished_marble":2,"chalk:blue_chalk":1,"minecraft:bone":8,"farmersdelight:melon_juice":28,"apocalypsenow:scissorst":1,"alexsmobs:maggot":2,"embellishcraft:smooth_marble":4,"minecraft:rotten_flesh":75,"minecraft:oak_planks":8,"minecraft:spruce_fence":1,"patchouli:guide_book":1,"apocalypsenow:baseball_bat":1,"minecraft:leather_chestplate":1,"apocalypsenow:serrated_machete":1,"minecraft:quartz_block":2,"cfm:oak_hedge":3,"apocalypsenow:dagger":1,"minecraft:wooden_pickaxe":1,"apocalypsenow:emergency_axe":2,"farmersdelight:apple_cider":3,"firstaid:plaster":6}},"DataVersion":2975}