{"stats":{"minecraft:mined":{"farmersdelight:wild_carrots":5,"minecraft:dark_oak_log":7,"simplylight:illuminant_yellow_block":1,"minecraft:shulker_box":14,"minecraft:stone_brick_wall":1,"minecraft:grass_block":4,"create:polished_cut_calcite_wall":1,"minecraft:light_gray_bed":1,"biomesoplenty:jacaranda_sapling":1,"minecraft:spawner":33,"minecraft:smooth_stone":4,"create:vertical_framed_glass":4,"biomesoplenty:lavender":3,"quark:blossom_planks":6,"minecraft:anvil":1,"minecraft:brown_bed":3,"pfm:white_shower_towel":1,"minecraft:stone":4,"create:dark_oak_window_pane":1,"minecraft:spruce_slab":1,"biomesoplenty:jacaranda_leaves":1,"minecraft:gray_terracotta":4,"minecraft:crafting_table":2,"minecraft:torch":6,"quark:charcoal_block":1,"minecraft:gray_stained_glass":6,"embellishcraft:polished_marble":1,"minecraft:tall_grass":1,"biomesoplenty:sprout":1,"minecraft:oak_planks":1,"minecraft:iron_door":2,"minecraft:wall_torch":11,"immersiveengineering:concrete":2,"minecraft:light_gray_stained_glass":3,"cfm:stone_table":1,"biomesoplenty:maple_sapling":1,"minecraft:grass":3,"embellishcraft:smooth_marble":2,"create:vertical_framed_glass_pane":2,"minecraft:oak_log":1,"create:framed_glass_trapdoor":1,"minecraft:cobweb":5,"minecraft:oak_leaves":1,"minecraft:iron_trapdoor":2},"minecraft:picked_up":{"minecraft:crafting_table":1,"cfm:stone_table":1,"minecraft:anvil":1,"minecraft:wooden_pickaxe":1,"biomesoplenty:orange_autumn_sapling":1,"minecraft:brown_bed":3,"embellishcraft:steel_wall_ladder":3,"biomesoplenty:jacaranda_sapling":4,"minecraft:potion":11,"minecraft:string":86,"minecraft:smooth_stone":4,"minecraft:iron_pickaxe":1,"minecraft:spruce_slab":1,"quark:yellow_blossom_sapling":2,"minecraft:quartz_stairs":2,"minecraft:dark_oak_door":1,"minecraft:stick":17,"embellishcraft:smooth_marble":6,"minecraft:torch":33,"minecraft:spruce_fence":1,"quark:blossom_log":39,"chalk:blue_chalk":1,"minecraft:carrot":8,"immersiveengineering:concrete":2,"quark:charcoal_block":1,"apocalypsenow:fire_figther_leggings":2,"quark:blossom_planks":6,"minecraft:dark_oak_planks":1,"minecraft:quartz_block":2,"apocalypsenow:porpsi":1,"minecraft:light_gray_bed":1,"minecraft:rotten_flesh":115,"biomesoplenty:jacaranda_log":8,"farmersdelight:hamburger":1,"apocalypsenow:fire_figther_chestplate":1,"minecraft:cobblestone":6,"biomesoplenty:lavender":3,"apocalypsenow:u_sarmy_boots":1,"tac:round45":6,"minecraft:leather_chestplate":1,"minecraft:iron_door":5,"create:framed_glass_trapdoor":1,"embellishcraft:polished_marble":2,"minecraft:oak_log":14,"apocalypsenow:construction_chestplate":1,"pfm:white_shower_towel":3,"minecraft:dirt":2,"minecraft:bone":64,"embellishcraft:plate":1,"apocalypsenow:construction_leggings":6,"minecraft:gray_terracotta":4,"apocalypsenow:human_flesh":11,"minecraft:wheat_seeds":2,"ftbquests:book":1,"apocalypsenow:money":1,"minecraft:iron_ingot":1,"apocalypsenow:fire_figther_helmet":1,"minecraft:glass_bottle":14,"tac:9mm_round":8,"minecraft:iron_sword":2,"minecraft:oak_planks":1,"quark:light_gray_shard":10,"firstaid:plaster":6,"apocalypsenow:u_sarmy_chestplate":1,"patchouli:guide_book":1,"chalk:red_chalk":1,"cfm:oak_hedge":3,"minecraft:dark_oak_log":7,"minecraft:shulker_box":14,"biomesoplenty:maple_sapling":2,"minecraft:polished_blackstone_pressure_plate":5,"minecraft:bread":8,"alexsmobs:maggot":2,"quark:gray_shard":21,"apocalypsenow:construction_helmet":1,"apocalypsenow:scissorst":1},"minecraft:dropped":{"apocalypsenow:human_flesh":3,"minecraft:iron_ingot":13,"farmersdelight:hamburger":66,"minecraft:bread":8,"minecraft:iron_sword":2,"minecraft:wheat_seeds":1,"pfm:white_shower_towel":2,"minecraft:glass_bottle":17,"biomesoplenty:maple_sapling":2,"minecraft:cobblestone":3,"quark:gray_shard":4,"minecraft:coal":2,"minecraft:stick":16,"quark:light_gray_shard":3,"chalk:red_chalk":1,"minecraft:polished_blackstone_pressure_plate":4,"apocalypsenow:construction_leggings":1,"minecraft:torch":16,"minecraft:iron_door":3,"farmersdelight:sweet_berry_cookie":4,"minecraft:potion":11,"minecraft:iron_pickaxe":1,"minecraft:dark_oak_planks":1,"minecraft:string":4,"ftbquests:book":1,"embellishcraft:polished_marble":2,"chalk:blue_chalk":1,"minecraft:bone":8,"farmersdelight:melon_juice":16,"apocalypsenow:scissorst":1,"alexsmobs:maggot":2,"embellishcraft:smooth_marble":4,"minecraft:rotten_flesh":41,"minecraft:oak_planks":8,"minecraft:spruce_fence":1,"patchouli:guide_book":1,"apocalypsenow:baseball_bat":1,"minecraft:leather_chestplate":1,"apocalypsenow:serrated_machete":1,"cfm:oak_hedge":3,"apocalypsenow:dagger":1,"minecraft:wooden_pickaxe":1,"farmersdelight:apple_cider":3,"firstaid:plaster":6},"minecraft:killed_by":{"minecraft:husk":2,"minecraft:player":1,"undead_revamp2:the_moonflower":3,"minecraft:zombie":3,"undead_revamp2:thesmoker":1},"minecraft:used":{"minecraft:iron_sword":548,"farmersdelight:melon_juice":15,"minecraft:torch":59,"minecraft:shulker_box":13,"embellishcraft:smooth_marble":2,"minecraft:dark_oak_planks":14,"minecraft:iron_axe":41,"apocalypsenow:emergency_axe":10,"quark:blossom_planks":43,"minecraft:light_gray_bed":1,"minecraft:brown_bed":2,"farmersdelight:hamburger":10,"minecraft:glass_bottle":6,"minecraft:oak_planks":48,"minecraft:wooden_pickaxe":18,"create:framed_glass_trapdoor":1,"farmersdelight:chicken_sandwich":5,"minecraft:crafting_table":4,"biomesoplenty:jacaranda_planks":3,"minecraft:gray_terracotta":2,"minecraft:iron_pickaxe":73,"cgm:grenade":1,"minecraft:potion":18},"minecraft:killed":{"undead_revamp2:thesmoker":2,"alexsmobs:seagull":3,"zombiemobs:zombie_wolf":1,"zombie_extreme:runner":2,"minecraft:husk":5,"minecraft:zombie_villager":1,"undead_revamp2:the_moonflower":1,"minecraft:zombie":77,"alexsmobs:fly":1},"minecraft:custom":{"lootr:looted_stat":39,"minecraft:mob_kills":94,"minecraft:interact_with_crafting_table":4,"minecraft:open_barrel":2,"minecraft:open_shulker_box":27,"minecraft:damage_dealt_resisted":653,"minecraft:leave_game":12,"minecraft:time_since_death":21419,"minecraft:climb_one_cm":39296,"minecraft:sprint_one_cm":309912,"minecraft:walk_one_cm":380528,"minecraft:fridge_opened":11,"minecraft:drop":85,"minecraft:chair_used":1,"minecraft:damage_dealt_absorbed":78,"minecraft:play_time":177713,"minecraft:deaths":11,"minecraft:sneak_time":5873,"minecraft:walk_under_water_one_cm":435,"minecraft:jump":3143,"minecraft:walk_on_water_one_cm":7021,"minecraft:total_world_time":178488,"minecraft:interact_with_furnace":3,"minecraft:toilet_used":10,"minecraft:stove_opened":2,"minecraft:sleep_in_bed":2,"minecraft:time_since_rest":21443,"minecraft:damage_taken":3969,"minecraft:damage_dealt":20235,"minecraft:swim_one_cm":4267,"minecraft:fly_one_cm":1024701,"minecraft:freezer_opened":7,"minecraft:player_kills":1,"minecraft:crouch_one_cm":13241,"minecraft:fall_one_cm":92075},"minecraft:crafted":{"firstaid:plaster":1,"minecraft:air":276,"minecraft:white_wool":10,"minecraft:stick":12}},"DataVersion":2975}