{"stats":{"minecraft:mined":{"embellishcraft:gray_corrugated_metal_plate_pressure_plate":1,"embellishcraft:sturdy_steel_door":2,"farmersdelight:wild_carrots":5,"minecraft:dark_oak_log":7,"simplylight:illuminant_yellow_block":1,"farmersdelight:canvas_rug":1,"minecraft:shulker_box":15,"minecraft:stone_brick_wall":1,"minecraft:grass_block":4,"create:polished_cut_calcite_wall":1,"minecraft:light_gray_bed":1,"embellishcraft:smooth_gneiss":1,"biomesoplenty:jacaranda_sapling":1,"minecraft:spawner":46,"minecraft:smooth_stone":5,"create:vertical_framed_glass":4,"biomesoplenty:lavender":3,"quark:blossom_planks":11,"minecraft:gold_block":3,"minecraft:anvil":1,"minecraft:brown_bed":4,"minecraft:bookshelf":1,"pfm:white_shower_towel":1,"minecraft:stone":4,"minecraft:iron_block":5,"create:dark_oak_window_pane":1,"minecraft:spruce_slab":1,"biomesoplenty:jacaranda_leaves":1,"minecraft:gray_terracotta":4,"minecraft:quartz_block":4,"apocalypsenow:money_block":7,"minecraft:crafting_table":4,"minecraft:torch":11,"quark:charcoal_block":1,"minecraft:gray_stained_glass":10,"embellishcraft:polished_marble":1,"minecraft:tall_grass":1,"biomesoplenty:sprout":1,"minecraft:oak_planks":1,"minecraft:iron_door":3,"minecraft:wall_torch":21,"immersiveengineering:concrete":2,"minecraft:light_gray_stained_glass":3,"cfm:stone_table":1,"biomesoplenty:maple_sapling":1,"minecraft:grass":3,"embellishcraft:smooth_marble":8,"create:vertical_framed_glass_pane":2,"minecraft:oak_log":1,"create:framed_glass_trapdoor":1,"pfm:oak_gray_simple_bed":2,"minecraft:cobweb":5,"simplylight:illuminant_block":1,"minecraft:oak_leaves":1,"minecraft:iron_trapdoor":2},"minecraft:picked_up":{"minecraft:crafting_table":3,"cfm:stone_table":1,"minecraft:anvil":1,"minecraft:wooden_pickaxe":1,"biomesoplenty:orange_autumn_sapling":1,"apocalypsenow:u_sarmy_helmet":1,"minecraft:brown_bed":4,"minecraft:gold_block":3,"embellishcraft:steel_wall_ladder":3,"biomesoplenty:jacaranda_sapling":4,"minecraft:potion":11,"minecraft:string":201,"pfm:oak_gray_simple_bed":3,"minecraft:smooth_stone":5,"embellishcraft:sturdy_steel_door":2,"minecraft:iron_pickaxe":1,"minecraft:spruce_slab":1,"quark:yellow_blossom_sapling":2,"farmersdelight:canvas_rug":2,"minecraft:quartz_stairs":2,"minecraft:dark_oak_door":1,"minecraft:stick":17,"createdeco:yellow_decal":2,"embellishcraft:smooth_marble":12,"minecraft:torch":49,"minecraft:spruce_fence":1,"quark:blossom_log":39,"embellishcraft:smooth_gneiss":1,"chalk:blue_chalk":1,"minecraft:carrot":8,"immersiveengineering:concrete":2,"quark:charcoal_block":1,"apocalypsenow:fire_figther_leggings":2,"quark:blossom_planks":11,"minecraft:dark_oak_planks":1,"minecraft:quartz_block":8,"apocalypsenow:porpsi":1,"minecraft:light_gray_bed":1,"minecraft:rotten_flesh":238,"biomesoplenty:jacaranda_log":8,"farmersdelight:hamburger":1,"minecraft:iron_block":5,"apocalypsenow:money_block":7,"apocalypsenow:fire_figther_chestplate":4,"minecraft:cobblestone":6,"biomesoplenty:lavender":3,"apocalypsenow:u_sarmy_boots":1,"tac:round45":8,"minecraft:leather_chestplate":1,"minecraft:iron_door":6,"embellishcraft:gray_corrugated_metal_plate_pressure_plate":2,"minecraft:potato":1,"create:framed_glass_trapdoor":1,"embellishcraft:polished_marble":2,"minecraft:oak_log":14,"minecraft:gunpowder":1,"apocalypsenow:construction_chestplate":2,"pfm:white_shower_towel":3,"farmersdelight:tomato":16,"minecraft:dirt":2,"apocalypsenow:u_sarmy_leggings":1,"minecraft:bone":148,"embellishcraft:plate":1,"apocalypsenow:construction_leggings":6,"minecraft:gray_terracotta":4,"apocalypsenow:human_flesh":14,"minecraft:wheat_seeds":2,"ftbquests:book":1,"apocalypsenow:money":1,"minecraft:iron_ingot":2,"apocalypsenow:fire_figther_helmet":2,"simplylight:illuminant_block":1,"minecraft:glass_bottle":24,"tac:9mm_round":14,"minecraft:iron_sword":2,"minecraft:oak_planks":1,"minecraft:book":3,"quark:light_gray_shard":10,"firstaid:plaster":6,"apocalypsenow:u_sarmy_chestplate":1,"patchouli:guide_book":1,"chalk:red_chalk":1,"cfm:oak_hedge":3,"minecraft:dark_oak_log":7,"minecraft:shulker_box":15,"biomesoplenty:maple_sapling":2,"minecraft:polished_blackstone_pressure_plate":5,"minecraft:bread":8,"alexsmobs:maggot":2,"quark:gray_shard":34,"apocalypsenow:construction_helmet":1,"apocalypsenow:scissorst":1},"minecraft:dropped":{"apocalypsenow:human_flesh":4,"minecraft:iron_ingot":13,"farmersdelight:hamburger":66,"minecraft:bread":8,"minecraft:iron_sword":2,"minecraft:wheat_seeds":1,"createdeco:yellow_decal":1,"pfm:white_shower_towel":2,"minecraft:glass_bottle":27,"biomesoplenty:maple_sapling":2,"minecraft:cobblestone":3,"quark:gray_shard":4,"farmersdelight:canvas_rug":1,"minecraft:coal":2,"minecraft:stick":16,"quark:light_gray_shard":3,"apocalypsenow:fire_figther_chestplate":1,"chalk:red_chalk":1,"minecraft:polished_blackstone_pressure_plate":4,"apocalypsenow:construction_leggings":1,"minecraft:torch":16,"minecraft:iron_door":3,"farmersdelight:sweet_berry_cookie":4,"minecraft:potion":11,"pfm:oak_gray_simple_bed":1,"embellishcraft:gray_corrugated_metal_plate_pressure_plate":1,"minecraft:iron_pickaxe":1,"minecraft:dark_oak_planks":1,"minecraft:string":12,"ftbquests:book":1,"embellishcraft:polished_marble":2,"chalk:blue_chalk":1,"minecraft:bone":8,"farmersdelight:melon_juice":16,"apocalypsenow:scissorst":1,"alexsmobs:maggot":2,"embellishcraft:smooth_marble":4,"minecraft:rotten_flesh":45,"minecraft:oak_planks":8,"minecraft:spruce_fence":1,"patchouli:guide_book":1,"apocalypsenow:baseball_bat":1,"minecraft:leather_chestplate":1,"apocalypsenow:serrated_machete":1,"minecraft:quartz_block":2,"cfm:oak_hedge":3,"apocalypsenow:dagger":1,"minecraft:wooden_pickaxe":1,"farmersdelight:apple_cider":3,"firstaid:plaster":6},"minecraft:killed_by":{"minecraft:husk":2,"minecraft:player":1,"undead_revamp2:the_moonflower":3,"minecraft:zombie":3,"undead_revamp2:thesmoker":1},"minecraft:used":{"pfm:oak_gray_simple_bed":2,"minecraft:iron_sword":601,"farmersdelight:melon_juice":58,"minecraft:torch":91,"minecraft:shulker_box":14,"embellishcraft:smooth_marble":2,"minecraft:dark_oak_planks":14,"minecraft:iron_axe":42,"apocalypsenow:emergency_axe":162,"quark:blossom_planks":59,"minecraft:light_gray_bed":1,"minecraft:brown_bed":3,"farmersdelight:hamburger":33,"minecraft:glass_bottle":6,"minecraft:oak_planks":48,"minecraft:wooden_pickaxe":18,"create:framed_glass_trapdoor":1,"farmersdelight:chicken_sandwich":5,"minecraft:crafting_table":6,"biomesoplenty:jacaranda_planks":3,"minecraft:gray_terracotta":2,"minecraft:iron_pickaxe":128,"cgm:grenade":1,"minecraft:potion":18},"minecraft:killed":{"undead_revamp2:thesmoker":3,"alexsmobs:seagull":3,"zombiemobs:zombie_wolf":1,"zombie_extreme:runner":2,"minecraft:husk":11,"minecraft:zombie_villager":1,"undead_revamp2:the_moonflower":6,"undead_revamp2:theordure":1,"minecraft:zombie":133,"alexsmobs:fly":1},"minecraft:broken":{"apocalypsenow:u_sarmy_leggings":1,"apocalypsenow:u_sarmy_chestplate":1},"minecraft:custom":{"lootr:looted_stat":63,"minecraft:mob_kills":163,"minecraft:interact_with_crafting_table":8,"minecraft:open_barrel":3,"minecraft:open_shulker_box":28,"minecraft:damage_dealt_resisted":708,"minecraft:eat_cake_slice":5,"minecraft:leave_game":12,"minecraft:time_since_death":43920,"minecraft:climb_one_cm":57110,"minecraft:sprint_one_cm":362717,"minecraft:walk_one_cm":545797,"minecraft:fridge_opened":16,"minecraft:drop":103,"minecraft:use_bathtub":1,"minecraft:talked_to_villager":1,"minecraft:chair_used":1,"minecraft:damage_dealt_absorbed":78,"minecraft:play_time":225711,"minecraft:deaths":13,"minecraft:sneak_time":8200,"minecraft:walk_under_water_one_cm":435,"minecraft:jump":3562,"minecraft:drawer_searched":4,"minecraft:walk_on_water_one_cm":7021,"minecraft:total_world_time":226486,"minecraft:interact_with_furnace":6,"minecraft:toilet_used":10,"minecraft:stove_opened":6,"minecraft:trashcan_opened":3,"minecraft:sleep_in_bed":3,"minecraft:time_since_rest":21724,"minecraft:damage_taken":5259,"minecraft:damage_dealt":27327,"minecraft:swim_one_cm":4267,"minecraft:fly_one_cm":1148558,"minecraft:freezer_opened":10,"minecraft:player_kills":1,"minecraft:crouch_one_cm":17286,"minecraft:fall_one_cm":99167},"minecraft:crafted":{"firstaid:plaster":1,"sophisticatedbackpacks:iron_backpack":1,"sophisticatedbackpacks:gold_backpack":1,"minecraft:air":296,"minecraft:white_wool":10,"minecraft:stick":12}},"DataVersion":2975}