{"stats":{"minecraft:mined":{"createdeco:andesite_door":1,"embellishcraft:gray_corrugated_metal_plate_pressure_plate":3,"embellishcraft:sturdy_steel_door":3,"farmersdelight:wild_carrots":5,"minecraft:dark_oak_log":7,"simplylight:illuminant_yellow_block":1,"farmersdelight:canvas_rug":2,"minecraft:shulker_box":15,"minecraft:grass_block":4,"minecraft:stone_brick_wall":1,"create:polished_cut_calcite_wall":1,"minecraft:light_gray_bed":1,"embellishcraft:smooth_gneiss":1,"embellishcraft:smooth_basalt_slab":1,"biomesoplenty:jacaranda_sapling":1,"minecraft:spawner":81,"minecraft:smooth_stone":5,"minecraft:black_stained_glass_pane":1,"create:vertical_framed_glass":4,"biomesoplenty:lavender":3,"quark:blossom_planks":13,"minecraft:anvil":1,"minecraft:gold_block":3,"minecraft:brown_bed":5,"minecraft:bookshelf":1,"pfm:white_shower_towel":1,"minecraft:stone":4,"minecraft:iron_block":5,"minecraft:green_wool":3,"create:dark_oak_window_pane":1,"minecraft:spruce_slab":1,"biomesoplenty:jacaranda_leaves":1,"minecraft:gray_terracotta":4,"minecraft:quartz_block":4,"minecraft:cyan_terracotta":1,"apocalypsenow:money_block":7,"minecraft:crafting_table":4,"minecraft:torch":13,"quark:charcoal_block":1,"minecraft:gray_stained_glass":13,"embellishcraft:polished_marble":1,"minecraft:tall_grass":1,"biomesoplenty:sprout":1,"minecraft:oak_planks":1,"minecraft:iron_door":3,"minecraft:wall_torch":22,"immersiveengineering:concrete":2,"minecraft:tinted_glass":1,"minecraft:light_gray_stained_glass":3,"cfm:stone_table":1,"biomesoplenty:maple_sapling":1,"minecraft:grass":3,"embellishcraft:smooth_marble":28,"immersiveengineering:steel_scaffolding_standard":1,"create:vertical_framed_glass_pane":2,"minecraft:oak_log":1,"create:framed_glass_trapdoor":1,"cfm:brown_kitchen_counter":1,"pfm:oak_gray_simple_bed":2,"minecraft:cobweb":5,"simplylight:illuminant_block":1,"minecraft:oak_leaves":1,"minecraft:iron_trapdoor":3},"minecraft:used":{"pfm:oak_gray_simple_bed":2,"minecraft:iron_sword":601,"farmersdelight:melon_juice":114,"create:analog_lever":1,"minecraft:torch":137,"minecraft:shulker_box":14,"embellishcraft:smooth_marble":2,"minecraft:dark_oak_planks":14,"minecraft:iron_axe":44,"minecraft:iron_trapdoor":1,"apocalypsenow:emergency_axe":684,"quark:blossom_planks":63,"minecraft:light_gray_bed":1,"minecraft:brown_bed":5,"farmersdelight:hamburger":55,"minecraft:glass_bottle":6,"minecraft:oak_planks":48,"minecraft:wooden_pickaxe":18,"minecraft:green_bed":1,"create:framed_glass_trapdoor":1,"minecraft:polished_blackstone_pressure_plate":1,"farmersdelight:chicken_sandwich":5,"minecraft:crafting_table":8,"biomesoplenty:jacaranda_planks":3,"minecraft:gray_terracotta":2,"minecraft:iron_pickaxe":200,"cgm:grenade":1,"minecraft:potion":18},"minecraft:killed":{"undead_revamp2:thesmoker":16,"alexsmobs:seagull":3,"minecraft:chicken":1,"zombiemobs:zombie_wolf":1,"undead_revamp2:thepregnant":1,"zombie_extreme:runner":2,"minecraft:husk":23,"minecraft:zombie_villager":2,"undead_revamp2:the_moonflower":10,"undead_revamp2:theordure":2,"minecraft:zombie":322,"zombie_extreme:infected_police":1,"alexsmobs:fly":1},"minecraft:killed_by":{"minecraft:husk":3,"minecraft:player":1,"undead_revamp2:the_moonflower":3,"minecraft:zombie":4,"undead_revamp2:thesmoker":1},"minecraft:picked_up":{"minecraft:crafting_table":3,"apocalypsenow:fire_figther_boots":1,"cfm:stone_table":1,"minecraft:chicken":3,"minecraft:iron_trapdoor":1,"minecraft:anvil":1,"cfm:brown_kitchen_counter":1,"minecraft:wooden_pickaxe":1,"biomesoplenty:orange_autumn_sapling":1,"biomesoplenty:jacaranda_sapling":4,"minecraft:brown_bed":5,"apocalypsenow:u_sarmy_helmet":2,"embellishcraft:steel_wall_ladder":3,"minecraft:gold_block":3,"minecraft:potion":11,"minecraft:string":548,"pfm:oak_gray_simple_bed":3,"minecraft:smooth_stone":5,"apocalypsenow:construction_boots":2,"minecraft:tinted_glass":1,"apocalypsenow:emergency_axe":2,"embellishcraft:sturdy_steel_door":3,"minecraft:iron_pickaxe":1,"minecraft:spruce_slab":1,"quark:yellow_blossom_sapling":2,"minecraft:quartz_stairs":2,"farmersdelight:canvas_rug":3,"minecraft:dark_oak_door":1,"minecraft:stick":17,"createdeco:yellow_decal":3,"embellishcraft:smooth_marble":32,"minecraft:torch":51,"minecraft:spruce_fence":1,"quark:blossom_log":39,"embellishcraft:smooth_gneiss":1,"chalk:blue_chalk":1,"minecraft:carrot":9,"immersiveengineering:concrete":2,"quark:charcoal_block":1,"apocalypsenow:fire_figther_leggings":3,"quark:blossom_planks":13,"minecraft:dark_oak_planks":1,"immersiveengineering:steel_scaffolding_standard":1,"minecraft:quartz_block":8,"apocalypsenow:porpsi":1,"minecraft:light_gray_bed":1,"minecraft:rotten_flesh":613,"biomesoplenty:jacaranda_log":8,"farmersdelight:hamburger":1,"minecraft:iron_block":5,"minecraft:cyan_terracotta":1,"minecraft:green_wool":3,"farmersdelight:melon_juice":12,"apocalypsenow:fire_figther_chestplate":8,"apocalypsenow:money_block":7,"minecraft:cobblestone":6,"biomesoplenty:lavender":3,"apocalypsenow:u_sarmy_boots":2,"tac:round45":20,"minecraft:leather_chestplate":1,"minecraft:feather":3,"minecraft:iron_door":6,"embellishcraft:gray_corrugated_metal_plate_pressure_plate":4,"createdeco:andesite_door":1,"create:framed_glass_trapdoor":1,"minecraft:potato":5,"minecraft:oak_log":14,"embellishcraft:polished_marble":2,"minecraft:gunpowder":1,"apocalypsenow:construction_chestplate":4,"pfm:white_shower_towel":3,"farmersdelight:tomato":16,"minecraft:dirt":2,"apocalypsenow:u_sarmy_leggings":3,"embellishcraft:plate":1,"minecraft:bone":376,"apocalypsenow:construction_leggings":9,"minecraft:gray_terracotta":4,"minecraft:wheat_seeds":2,"apocalypsenow:human_flesh":17,"ftbquests:book":1,"apocalypsenow:money":5,"minecraft:iron_ingot":4,"create:analog_lever":1,"apocalypsenow:fire_figther_helmet":4,"minecraft:glass_bottle":24,"simplylight:illuminant_block":1,"tac:9mm_round":38,"minecraft:iron_sword":2,"minecraft:oak_planks":1,"minecraft:book":3,"quark:light_gray_shard":10,"firstaid:plaster":6,"apocalypsenow:u_sarmy_chestplate":3,"patchouli:guide_book":1,"chalk:red_chalk":1,"embellishcraft:smooth_basalt_slab":1,"cfm:oak_hedge":3,"embellishcraft:red_pillow":1,"minecraft:dark_oak_log":7,"minecraft:shulker_box":15,"biomesoplenty:maple_sapling":2,"minecraft:polished_blackstone_pressure_plate":6,"minecraft:bread":8,"alexsmobs:maggot":2,"quark:gray_shard":43,"apocalypsenow:construction_helmet":5,"apocalypsenow:scissorst":1},"minecraft:custom":{"lootr:looted_stat":108,"minecraft:mob_kills":417,"minecraft:interact_with_crafting_table":12,"minecraft:open_barrel":3,"minecraft:open_shulker_box":28,"minecraft:damage_dealt_resisted":880,"minecraft:eat_cake_slice":5,"minecraft:leave_game":22,"minecraft:time_since_death":8219,"minecraft:climb_one_cm":63122,"minecraft:sprint_one_cm":457314,"minecraft:walk_one_cm":873348,"minecraft:fridge_opened":34,"minecraft:drop":112,"minecraft:damage_dealt_absorbed":148,"minecraft:chair_used":1,"minecraft:use_bathtub":1,"minecraft:talked_to_villager":1,"minecraft:play_time":345469,"minecraft:deaths":18,"minecraft:sneak_time":9564,"minecraft:walk_under_water_one_cm":435,"minecraft:jump":4373,"minecraft:drawer_searched":50,"minecraft:walk_on_water_one_cm":8226,"minecraft:total_world_time":346244,"minecraft:interact_with_furnace":6,"minecraft:toilet_used":12,"minecraft:stove_opened":7,"minecraft:trashcan_opened":4,"minecraft:sleep_in_bed":7,"minecraft:time_since_rest":8250,"minecraft:damage_taken":8007,"minecraft:damage_dealt":50846,"minecraft:swim_one_cm":4267,"minecraft:player_kills":1,"minecraft:freezer_opened":19,"minecraft:fly_one_cm":1381983,"minecraft:crouch_one_cm":18393,"minecraft:fall_one_cm":117501},"minecraft:dropped":{"apocalypsenow:human_flesh":6,"farmersdelight:hamburger":66,"minecraft:iron_ingot":13,"minecraft:bread":8,"minecraft:iron_sword":2,"minecraft:wheat_seeds":1,"createdeco:yellow_decal":1,"pfm:white_shower_towel":2,"minecraft:glass_bottle":27,"biomesoplenty:maple_sapling":2,"minecraft:cobblestone":3,"quark:gray_shard":4,"farmersdelight:canvas_rug":1,"minecraft:coal":2,"minecraft:stick":16,"quark:light_gray_shard":3,"apocalypsenow:fire_figther_chestplate":1,"chalk:red_chalk":1,"minecraft:polished_blackstone_pressure_plate":4,"minecraft:torch":16,"apocalypsenow:construction_leggings":1,"farmersdelight:sweet_berry_cookie":4,"minecraft:iron_door":3,"minecraft:potion":11,"pfm:oak_gray_simple_bed":1,"embellishcraft:gray_corrugated_metal_plate_pressure_plate":1,"minecraft:iron_pickaxe":1,"minecraft:dark_oak_planks":1,"minecraft:string":22,"ftbquests:book":1,"embellishcraft:polished_marble":2,"chalk:blue_chalk":1,"minecraft:bone":8,"farmersdelight:melon_juice":28,"apocalypsenow:scissorst":1,"alexsmobs:maggot":2,"embellishcraft:smooth_marble":4,"minecraft:rotten_flesh":75,"minecraft:oak_planks":8,"minecraft:spruce_fence":1,"patchouli:guide_book":1,"apocalypsenow:baseball_bat":1,"minecraft:leather_chestplate":1,"apocalypsenow:serrated_machete":1,"minecraft:quartz_block":2,"cfm:oak_hedge":3,"apocalypsenow:dagger":1,"minecraft:wooden_pickaxe":1,"apocalypsenow:emergency_axe":2,"farmersdelight:apple_cider":3,"firstaid:plaster":6},"minecraft:crafted":{"apocalypsenow:construction_leggings":1,"firstaid:plaster":1,"apocalypsenow:u_sarmy_helmet":3,"apocalypsenow:u_sarmy_boots":4,"sophisticatedbackpacks:iron_backpack":1,"apocalypsenow:emergency_axe":1,"sophisticatedbackpacks:gold_backpack":1,"minecraft:air":389,"minecraft:white_wool":10,"minecraft:stick":12},"minecraft:broken":{"apocalypsenow:u_sarmy_leggings":1,"apocalypsenow:u_sarmy_chestplate":1}},"DataVersion":2975}