{"stats":{"minecraft:broken":{"apocalypsenow:u_sarmy_leggings":1,"apocalypsenow:u_sarmy_chestplate":1,"minecraft:iron_axe":1,"minecraft:iron_pickaxe":1},"minecraft:mined":{"embellishcraft:sturdy_steel_door":5,"farmersdelight:canvas_rug":2,"create:redstone_contact":1,"minecraft:stone_brick_wall":11,"pfm:deepslate_kitchen_wall_small_drawer":12,"minecraft:grass_block":4,"create:polished_cut_calcite_wall":1,"minecraft:light_gray_bed":1,"embellishcraft:smooth_gneiss":1,"pfm:light_gray_arm_chair":4,"buildersdelight:industrial_flat_2":1,"minecraft:spawner":100,"minecraft:smooth_stone":5,"create:vertical_framed_glass":4,"biomesoplenty:lavender":3,"pfm:basic_shower_handle":3,"quark:blossom_planks":20,"quark:iron_rod":2,"minecraft:anvil":1,"minecraft:brown_bed":6,"pfm:white_shower_towel":1,"pfm:deepslate_kitchen_counter":12,"minecraft:iron_block":5,"create:dark_oak_window_pane":1,"minecraft:spruce_slab":1,"minecraft:green_bed":1,"create:andesite_bars":38,"alexsmobs:bison_carpet":1,"biomesoplenty:jacaranda_leaves":1,"minecraft:gray_terracotta":4,"create:cogwheel":7,"minecraft:quartz_block":4,"lootr:lootr_chest":6,"minecraft:cyan_terracotta":1,"immersiveengineering:metal_barrel":4,"quark:charcoal_block":1,"apocalypsenow:money_block":7,"minecraft:torch":21,"pfm:basic_shower_head":3,"minecraft:polished_andesite_stairs":4,"minecraft:chest":5,"create:display_link":1,"embellishcraft:polished_marble":1,"create:train_door":2,"minecraft:slime_block":2,"zombie_extreme:computer_monitor":2,"create:nixie_tube":1,"minecraft:oak_planks":1,"minecraft:iron_door":3,"minecraft:wall_torch":24,"create:contraption_controls":3,"pfm:basic_toilet":4,"minecraft:tinted_glass":1,"minecraft:light_gray_stained_glass":4,"cfm:stone_table":1,"biomesoplenty:maple_sapling":1,"minecraft:jukebox":2,"minecraft:grass":3,"minecraft:oak_log":1,"create:vertical_framed_glass_pane":2,"create:framed_glass_trapdoor":1,"another_furniture:light_gray_stool":10,"pfm:dark_wood_kitchen_counter":23,"cfm:brown_kitchen_counter":1,"pfm:oak_gray_simple_bed":2,"simplylight:illuminant_block":1,"embellishcraft:smooth_marble_stairs":6,"immersiveengineering:conveyor_basic":6,"another_furniture:spruce_shelf":4,"minecraft:oak_leaves":1,"cfm:stripped_spruce_coffee_table":4,"createdeco:andesite_door":6,"embellishcraft:gray_corrugated_metal_plate_pressure_plate":5,"embellishcraft:air_duct":12,"another_furniture:light_gray_tall_stool":2,"farmersdelight:wild_carrots":5,"pfm:deepslate_kitchen_drawer":6,"minecraft:dark_oak_log":7,"simplylight:illuminant_yellow_block":1,"minecraft:shulker_box":15,"pfm:dark_wood_simple_stool":2,"create:large_cogwheel":2,"create:encased_fan":2,"embellishcraft:smooth_basalt_slab":1,"another_furniture:spruce_bench":12,"pfm:light_gray_shower_towel":2,"ag_day_counter:calendar":2,"biomesoplenty:jacaranda_sapling":1,"apocalypsenow:iron_locker":8,"minecraft:black_stained_glass_pane":1,"create:shaft":1,"cfm:stripped_spruce_desk":2,"simplylight:wall_lamp":1,"minecraft:gold_block":3,"simplylight:illuminant_slab":4,"minecraft:bookshelf":1,"embellishcraft:warning_steel_door":2,"embellishcraft:spruce_plain_door":8,"minecraft:stone":4,"minecraft:green_wool":8,"cfm:stripped_spruce_desk_cabinet":2,"quark:spruce_hedge":10,"pfm:deepslate_kitchen_wall_counter":30,"create:light_gray_seat":1,"pfm:basic_sink":4,"pfm:light_gray_simple_sofa":8,"quark:spruce_bookshelf":34,"minecraft:crafting_table":4,"minecraft:gray_stained_glass":13,"minecraft:tall_grass":1,"biomesoplenty:sprout":1,"cfm:stripped_dark_oak_table":2,"immersiveengineering:concrete":2,"another_furniture:dark_oak_shutter":12,"create:schematic_table":1,"apocalypsenow:broken_plasma_tv":2,"create:turntable":2,"embellishcraft:smooth_marble":380,"immersiveengineering:steel_scaffolding_standard":1,"minecraft:cobweb":5,"embellishcraft:polished_marble_wall":2,"minecraft:iron_trapdoor":3},"minecraft:killed":{"undead_revamp2:thesmoker":20,"minecraft:chicken":1,"undead_revamp2:thepregnant":1,"minecraft:zombie_villager":2,"undead_revamp2:theordure":2,"minecraft:zombie":441,"zombie_extreme:infected_police":2,"alexsmobs:fly":1,"alexsmobs:seagull":3,"zombiemobs:zombie_wolf":1,"zombie_extreme:runner":3,"minecraft:husk":23,"undead_revamp2:the_moonflower":14},"minecraft:picked_up":{"apocalypsenow:apple_juice":11,"cfm:stone_table":1,"minecraft:iron_trapdoor":1,"minecraft:anvil":1,"apocalypsenow:bloodybandages":1,"embellishcraft:warning_steel_door":2,"pfm:light_wood_kitchen_drawer":2,"cfm:brown_kitchen_counter":1,"biomesoplenty:orange_autumn_sapling":1,"minecraft:brown_bed":6,"embellishcraft:steel_wall_ladder":3,"minecraft:potion":11,"pfm:deepslate_kitchen_wall_small_drawer":12,"simplylight:wall_lamp":1,"minecraft:string":752,"pfm:oak_gray_simple_bed":3,"create:andesite_bars":38,"create:nixie_tube":1,"minecraft:smooth_stone":5,"apocalypsenow:emergency_axe":3,"create:contraption_controls":3,"minecraft:iron_pickaxe":1,"cfm:stripped_spruce_desk":2,"minecraft:dark_oak_door":1,"minecraft:stick":17,"create:train_door":2,"immersiveengineering:connector_hv":2,"minecraft:jukebox":2,"embellishcraft:smooth_marble":419,"minecraft:torch":65,"minecraft:green_bed":1,"quark:iron_rod":2,"quark:blossom_log":39,"pfm:deepslate_kitchen_drawer":6,"create:redstone_contact":1,"chalk:blue_chalk":1,"quark:blossom_planks":66,"quark:charcoal_block":1,"apocalypsenow:fire_figther_leggings":4,"cfm:stripped_spruce_coffee_table":4,"create:large_cogwheel":2,"embellishcraft:spruce_plain_door":8,"minecraft:quartz_block":8,"apocalypsenow:porpsi":31,"apocalypsenow:iron_locker":8,"minecraft:light_gray_bed":1,"minecraft:rotten_flesh":811,"minecraft:iron_block":5,"minecraft:cyan_terracotta":1,"minecraft:green_wool":8,"farmersdelight:melon_juice":12,"minecraft:cobblestone":6,"another_furniture:spruce_bench":12,"apocalypsenow:money_block":7,"biomesoplenty:lavender":3,"apocalypsenow:u_sarmy_boots":6,"tac:round45":28,"minecraft:leather_chestplate":1,"minecraft:feather":4,"minecraft:iron_door":6,"apocalypsenow:peach_juice":12,"apocalypsenow:coffee":3,"createdeco:andesite_door":8,"minecraft:potato":6,"apocalypsenow:cereal":4,"zombie_extreme:computer_monitor":2,"apocalypsenow:construction_chestplate":4,"pfm:white_shower_towel":3,"create:display_link":1,"farmersdelight:tomato":16,"minecraft:dirt":2,"minecraft:lantern":2,"minecraft:leather_boots":1,"another_furniture:dark_oak_shutter":12,"minecraft:bone":502,"minecraft:gray_terracotta":4,"apocalypsenow:human_flesh":21,"minecraft:wheat_seeds":2,"ftbquests:book":1,"apocalypsenow:beer":5,"pfm:basic_toilet":4,"create:shaft":1,"apocalypsenow:cloth":57,"tac:9mm_round":59,"minecraft:oak_planks":1,"firstaid:plaster":6,"apocalypsenow:u_sarmy_chestplate":7,"pfm:white_mirror":6,"patchouli:guide_book":1,"create:cogwheel":7,"chalk:red_chalk":1,"embellishcraft:smooth_marble_stairs":8,"apocalypsenow:chips":5,"cfm:oak_hedge":3,"embellishcraft:red_pillow":1,"minecraft:dark_oak_log":7,"minecraft:shulker_box":15,"alexsmobs:bison_carpet":1,"apocalypsenow:coke":19,"pfm:dark_wood_simple_stool":2,"apocalypsenow:broken_plasma_tv":2,"minecraft:slime_block":2,"minecraft:polished_blackstone_pressure_plate":6,"pfm:basic_shower_head":3,"minecraft:bread":8,"create:framed_glass_door":1,"alexsmobs:maggot":2,"apocalypsenow:scissorst":1,"apocalypsenow:construction_helmet":10,"immersiveengineering:conveyor_basic":6,"minecraft:crafting_table":3,"apocalypsenow:fire_figther_boots":6,"minecraft:chicken":4,"minecraft:wooden_pickaxe":1,"minecraft:stone_brick_wall":10,"minecraft:gold_block":3,"biomesoplenty:jacaranda_sapling":4,"apocalypsenow:u_sarmy_helmet":3,"create:schematic_table":1,"minecraft:heavy_weighted_pressure_plate":2,"simplylight:illuminant_slab":4,"cfm:stripped_dark_oak_table":2,"pfm:deepslate_kitchen_wall_counter":30,"apocalypsenow:construction_boots":4,"another_furniture:spruce_shelf":4,"embellishcraft:sturdy_steel_door":5,"quark:yellow_blossom_sapling":2,"minecraft:spruce_slab":1,"minecraft:tinted_glass":1,"farmersdelight:canvas_rug":3,"minecraft:quartz_stairs":2,"minecraft:chest":11,"apocalypsenow:hookey_stick":1,"createdeco:yellow_decal":6,"sophisticatedbackpacks:backpack":1,"minecraft:spruce_fence":1,"create:light_gray_seat":1,"embellishcraft:smooth_gneiss":1,"minecraft:carrot":12,"immersiveengineering:concrete":2,"minecraft:dark_oak_planks":1,"buildersdelight:industrial_flat_2":1,"immersiveengineering:steel_scaffolding_standard":1,"apocalypsenow:whisky":7,"biomesoplenty:jacaranda_log":8,"farmersdelight:hamburger":1,"another_furniture:light_gray_tall_stool":2,"apocalypsenow:fire_figther_chestplate":9,"immersiveengineering:metal_barrel":4,"apocalypsenow:survival_axe":1,"another_furniture:light_gray_stool":10,"embellishcraft:gray_corrugated_metal_plate_pressure_plate":6,"pfm:dark_wood_kitchen_counter":23,"cfm:stripped_spruce_desk_cabinet":2,"create:framed_glass_trapdoor":1,"apocalypsenow:orange_juice":11,"pfm:light_gray_arm_chair":4,"embellishcraft:polished_marble":2,"minecraft:oak_log":14,"minecraft:gunpowder":2,"minecraft:paper":26,"embellishcraft:plate":1,"apocalypsenow:u_sarmy_leggings":3,"apocalypsenow:construction_leggings":9,"apocalypsenow:money":13,"create:analog_lever":1,"minecraft:iron_ingot":6,"apocalypsenow:fire_figther_helmet":4,"minecraft:glass_bottle":54,"simplylight:illuminant_block":1,"minecraft:iron_sword":2,"minecraft:book":105,"quark:spruce_hedge":10,"apocalypsenow:grape_juice":9,"quark:light_gray_shard":24,"minecraft:polished_andesite_stairs":4,"pfm:light_gray_simple_sofa":8,"pfm:light_gray_shower_towel":3,"embellishcraft:smooth_basalt_slab":1,"create:turntable":2,"pfm:basic_sink":4,"biomesoplenty:maple_sapling":2,"ag_day_counter:calendar":2,"create:encased_fan":2,"embellishcraft:air_duct":12,"quark:gray_shard":47,"pfm:deepslate_kitchen_counter":12,"embellishcraft:polished_marble_wall":2},"minecraft:custom":{"lootr:looted_stat":126,"minecraft:interact_with_crafting_table":17,"minecraft:open_barrel":3,"minecraft:open_shulker_box":28,"minecraft:eat_cake_slice":5,"minecraft:leave_game":26,"minecraft:time_since_death":68529,"minecraft:sprint_one_cm":568548,"minecraft:drop":142,"minecraft:talked_to_villager":4,"minecraft:use_bathtub":1,"minecraft:play_time":462767,"minecraft:deaths":20,"minecraft:jump":5186,"minecraft:walk_on_water_one_cm":8226,"minecraft:interact_with_furnace":6,"minecraft:stove_opened":7,"minecraft:sleep_in_bed":8,"minecraft:damage_dealt":63468,"minecraft:player_kills":1,"minecraft:crouch_one_cm":93760,"minecraft:mob_kills":676,"minecraft:interact_with_anvil":1,"minecraft:damage_dealt_resisted":880,"minecraft:climb_one_cm":70523,"minecraft:walk_one_cm":1213060,"minecraft:fridge_opened":49,"minecraft:chair_used":4,"minecraft:damage_dealt_absorbed":148,"minecraft:sneak_time":24231,"minecraft:walk_under_water_one_cm":435,"minecraft:drawer_searched":82,"minecraft:total_world_time":463542,"minecraft:toilet_used":12,"minecraft:trashcan_opened":5,"minecraft:time_since_rest":14262,"minecraft:damage_taken":9597,"minecraft:swim_one_cm":4267,"minecraft:fly_one_cm":1597979,"minecraft:freezer_opened":21,"minecraft:open_chest":29,"minecraft:fall_one_cm":137396},"minecraft:killed_by":{"undead_revamp2:the_moonflower":3,"minecraft:zombie":4,"undead_revamp2:thesmoker":1,"minecraft:husk":3,"minecraft:player":1},"minecraft:used":{"minecraft:chest":11,"minecraft:iron_sword":601,"farmersdelight:melon_juice":161,"create:analog_lever":1,"embellishcraft:smooth_marble":14,"minecraft:black_stained_glass_pane":67,"minecraft:polished_andesite_stairs":2,"embellishcraft:gray_corrugated_metal_plate_pressure_plate":2,"apocalypsenow:emergency_axe":935,"farmersdelight:hamburger":73,"minecraft:oak_planks":48,"minecraft:wooden_pickaxe":18,"minecraft:diamond_axe":11,"farmersdelight:chicken_sandwich":5,"biomesoplenty:jacaranda_planks":3,"sophisticatedbackpacks:backpack":1,"pfm:dark_wood_simple_stool":2,"pfm:oak_gray_simple_bed":2,"pfm:dark_wood_kitchen_counter":23,"minecraft:tinted_glass":121,"minecraft:torch":227,"minecraft:anvil":1,"minecraft:shulker_box":14,"minecraft:dark_oak_planks":14,"minecraft:iron_axe":186,"minecraft:iron_trapdoor":1,"quark:blossom_planks":156,"minecraft:light_gray_bed":1,"minecraft:brown_bed":5,"minecraft:glass_bottle":6,"minecraft:green_bed":1,"create:framed_glass_trapdoor":1,"minecraft:polished_blackstone_pressure_plate":1,"minecraft:crafting_table":8,"minecraft:gray_terracotta":2,"minecraft:diamond_pickaxe":381,"minecraft:iron_pickaxe":419,"cgm:grenade":1,"createdeco:yellow_decal":2,"minecraft:potion":18},"minecraft:crafted":{"apocalypsenow:construction_leggings":1,"apocalypsenow:u_sarmy_helmet":3,"minecraft:stick":20,"firstaid:plaster":1,"apocalypsenow:u_sarmy_boots":4,"sophisticatedbackpacks:iron_backpack":1,"apocalypsenow:emergency_axe":4,"sophisticatedbackpacks:gold_backpack":1,"minecraft:air":393,"minecraft:white_wool":10},"minecraft:dropped":{"farmersdelight:hamburger":66,"minecraft:iron_sword":2,"createdeco:yellow_decal":1,"minecraft:glass_bottle":55,"farmersdelight:canvas_rug":1,"quark:light_gray_shard":13,"minecraft:polished_blackstone_pressure_plate":4,"apocalypsenow:construction_leggings":1,"farmersdelight:sweet_berry_cookie":4,"embellishcraft:gray_corrugated_metal_plate_pressure_plate":1,"minecraft:iron_pickaxe":1,"minecraft:dark_oak_planks":1,"ftbquests:book":1,"embellishcraft:polished_marble":2,"minecraft:bone":8,"apocalypsenow:scissorst":1,"minecraft:rotten_flesh":75,"minecraft:oak_planks":8,"patchouli:guide_book":1,"apocalypsenow:baseball_bat":1,"minecraft:leather_chestplate":1,"apocalypsenow:serrated_machete":1,"minecraft:quartz_block":2,"apocalypsenow:dagger":1,"apocalypsenow:human_flesh":7,"minecraft:bread":8,"minecraft:iron_ingot":13,"minecraft:wheat_seeds":1,"pfm:white_shower_towel":2,"biomesoplenty:maple_sapling":2,"minecraft:cobblestone":3,"quark:gray_shard":4,"minecraft:coal":2,"minecraft:stick":16,"apocalypsenow:fire_figther_chestplate":1,"chalk:red_chalk":1,"minecraft:torch":16,"minecraft:iron_door":3,"minecraft:potion":11,"pfm:oak_gray_simple_bed":1,"minecraft:string":22,"chalk:blue_chalk":1,"farmersdelight:melon_juice":28,"alexsmobs:maggot":2,"embellishcraft:smooth_marble":4,"minecraft:spruce_fence":1,"cfm:oak_hedge":3,"minecraft:wooden_pickaxe":1,"apocalypsenow:emergency_axe":2,"farmersdelight:apple_cider":3,"firstaid:plaster":6}},"DataVersion":2975}