{"stats":{"minecraft:custom":{"minecraft:time_since_rest":17400,"lootr:looted_stat":2,"minecraft:sprint_one_cm":74670,"minecraft:damage_taken":798,"minecraft:walk_one_cm":88633,"minecraft:mob_kills":2,"minecraft:damage_dealt":645,"minecraft:chair_used":1,"minecraft:fly_one_cm":70748,"minecraft:crouch_one_cm":691,"minecraft:play_time":38979,"minecraft:deaths":2,"minecraft:sneak_time":437,"minecraft:jump":336,"minecraft:leave_game":1,"minecraft:time_since_death":17368,"minecraft:climb_one_cm":3954,"minecraft:total_world_time":38979,"minecraft:fall_one_cm":8146},"minecraft:killed_by":{"undead_revamp2:the_moonflower":1,"minecraft:zombie":1},"minecraft:picked_up":{"minecraft:lilac":1,"minecraft:torch":1,"minecraft:potion":2,"minecraft:dirt":4,"minecraft:string":4,"biomesoplenty:blue_hydrangea":1,"minecraft:rotten_flesh":1,"apocalypsenow:construction_leggings":1,"apocalypsenow:human_flesh":1,"farmersdelight:apple_cider":3,"minecraft:bread":2,"minecraft:glass_bottle":3,"quark:gray_shard":10,"biomesoplenty:pink_cherry_sapling":1},"minecraft:used":{"apocalypsenow:energy_drink":2,"farmersdelight:apple_cider":3,"minecraft:bread":2,"minecraft:wooden_pickaxe":18,"minecraft:torch":3,"minecraft:dirt":4,"minecraft:potion":2,"apocalypsenow:cereal":3},"minecraft:mined":{"biomesoplenty:blue_hydrangea":1,"minecraft:grass":1,"minecraft:dirt":3,"biomesoplenty:huge_clover_petal":4,"minecraft:wall_torch":1},"minecraft:killed":{"minecraft:husk":1,"minecraft:zombie":1}},"DataVersion":2975}