{"stats":{"minecraft:custom":{"lootr:looted_stat":9,"minecraft:mob_kills":5,"minecraft:interact_with_crafting_table":4,"minecraft:stove_opened":1,"minecraft:leave_game":1,"minecraft:time_since_death":9953,"minecraft:climb_one_cm":10700,"minecraft:time_since_rest":10009,"minecraft:sprint_one_cm":51590,"minecraft:damage_taken":481,"minecraft:walk_one_cm":84585,"minecraft:fridge_opened":2,"minecraft:drop":13,"minecraft:damage_dealt":577,"minecraft:freezer_opened":2,"minecraft:talked_to_villager":1,"minecraft:fly_one_cm":146809,"minecraft:crouch_one_cm":4024,"minecraft:play_time":26180,"minecraft:deaths":1,"minecraft:sneak_time":1709,"minecraft:jump":600,"minecraft:drawer_searched":8,"minecraft:total_world_time":26180,"minecraft:fall_one_cm":13338},"minecraft:killed_by":{"undead_revamp2:the_moonflower":1},"minecraft:picked_up":{"biomesoplenty:smooth_white_sandstone":2,"minecraft:crafting_table":2,"minecraft:potato":1,"minecraft:string":6,"minecraft:dirt":14,"minecraft:bone":4,"create:cut_limestone":2,"apocalypsenow:human_flesh":2,"minecraft:wheat_seeds":1,"ftbquests:book":1,"biomesoplenty:magic_log":1,"biomesoplenty:cherry_log":16,"minecraft:stick":6,"embellishcraft:smooth_marble":2,"minecraft:torch":1,"biomesoplenty:white_cherry_sapling":4,"cfm:oak_hedge":1,"immersiveengineering:concrete":4,"minecraft:peony":1,"quark:oak_hedge":1,"minecraft:gold_ingot":1,"quark:gray_shard":17,"biomesoplenty:pink_cherry_sapling":1},"minecraft:used":{"minecraft:wooden_pickaxe":35,"minecraft:torch":3,"minecraft:dirt":13,"minecraft:crafting_table":2,"farmersdelight:fish_stew":1,"biomesoplenty:magic_planks":4,"apocalypsenow:knife":12,"embellishcraft:smooth_marble":2,"biomesoplenty:cherry_planks":56,"minecraft:bread":1,"immersiveengineering:concrete":3,"minecraft:potion":3,"minecraft:golden_pickaxe":19,"minecraft:golden_axe":5},"minecraft:dropped":{"quark:oak_hedge":1,"farmersdelight:honey_cookie":1,"minecraft:wheat_seeds":1,"biomesoplenty:white_cherry_sapling":4,"quark:gray_shard":17,"chalk:red_chalk":1,"minecraft:peony":1,"biomesoplenty:pink_cherry_sapling":1,"farmersdelight:apple_cider":3,"minecraft:string":4,"ftbquests:book":1,"chalk:blue_chalk":1,"minecraft:gold_ingot":1},"minecraft:mined":{"create:cut_limestone":2,"biomesoplenty:cherry_log":2,"minecraft:quartz_block":1,"cfm:oak_hedge":1,"minecraft:gray_stained_glass_pane":4,"minecraft:crafting_table":2,"minecraft:grass_block":13,"minecraft:gray_stained_glass":9,"biomesoplenty:smooth_white_sandstone":2,"buildersdelight:industrial_flat_8":1,"minecraft:wall_torch":1,"minecraft:spawner":6,"immersiveengineering:concrete":4,"minecraft:black_stained_glass_pane":9,"minecraft:peony":1,"biomesoplenty:magic_log":1,"embellishcraft:smooth_marble":5,"minecraft:grass":1,"biomesoplenty:clover":1,"quark:oak_hedge":1,"minecraft:dirt":2},"minecraft:crafted":{"minecraft:air":75,"biomesoplenty:magic_planks":4},"minecraft:broken":{"minecraft:wooden_pickaxe":1},"minecraft:killed":{"minecraft:husk":2,"undead_revamp2:the_moonflower":1,"minecraft:zombie":2}},"DataVersion":2975}