{"stats":{"minecraft:used":{"pfm:oak_gray_simple_bed":8,"minecraft:dried_kelp":3,"farmersdelight:cabbage":1,"minecraft:iron_sword":9,"farmersdelight:melon_juice":7,"minecraft:torch":3,"minecraft:dirt":29,"apocalypsenow:grape_juice":1,"farmersdelight:stuffed_pumpkin_block":1,"embellishcraft:smooth_marble":6,"apocalypsenow:coffee":1,"minecraft:quartz_block":1,"farmersdelight:tomato_sauce":1,"apocalypsenow:porpsi":1,"quark:blossom_planks":57,"apocalypsenow:night_stick":51,"minecraft:light_gray_bed":1,"minecraft:brown_bed":1,"farmersdelight:hamburger":4,"farmersdelight:roast_chicken_block":1,"apocalypsenow:police_chestplate":1,"minecraft:stone_pickaxe":5,"minecraft:oak_planks":12,"minecraft:leather_chestplate":1,"minecraft:wooden_pickaxe":21,"minecraft:crafting_table":2,"farmersdelight:cod_roll":3,"apocalypsenow:garden_fork":14,"minecraft:leather_helmet":1,"minecraft:gravel":1,"apocalypsenow:dagger":6,"minecraft:potion":11,"pipez:energy_pipe":1},"minecraft:custom":{"lootr:looted_stat":29,"minecraft:mob_kills":11,"minecraft:interact_with_crafting_table":4,"minecraft:open_barrel":5,"minecraft:open_shulker_box":1,"minecraft:leave_game":3,"minecraft:time_since_death":6671,"minecraft:climb_one_cm":34287,"minecraft:sprint_one_cm":386814,"minecraft:walk_one_cm":378959,"minecraft:fridge_opened":1,"minecraft:drop":57,"minecraft:damage_dealt_absorbed":24,"minecraft:play_time":143617,"minecraft:deaths":28,"minecraft:sneak_time":2809,"minecraft:walk_under_water_one_cm":8902,"minecraft:jump":4085,"minecraft:interact_with_brewingstand":1,"minecraft:walk_on_water_one_cm":18634,"minecraft:total_world_time":143617,"minecraft:interact_with_furnace":1,"minecraft:trashcan_opened":1,"minecraft:sleep_in_bed":4,"minecraft:time_since_rest":6704,"minecraft:damage_taken":8420,"minecraft:damage_dealt":2724,"minecraft:swim_one_cm":74878,"minecraft:fly_one_cm":1132324,"minecraft:freezer_opened":6,"minecraft:player_kills":1,"minecraft:crouch_one_cm":8275,"minecraft:fall_one_cm":139649},"minecraft:mined":{"pfm:dark_oak_green_simple_bed":1,"farmersdelight:roast_chicken_block":1,"minecraft:gray_stained_glass_pane":5,"biomesoplenty:bush":1,"minecraft:grass_block":31,"pfm:white_stove":1,"minecraft:spawner":2,"minecraft:black_stained_glass_pane":5,"create:vertical_framed_glass":2,"biomesoplenty:lavender":1,"quark:blossom_planks":1,"minecraft:brown_bed":2,"biomesoplenty:barley":1,"minecraft:stone":3,"create:dark_oak_window_pane":5,"farmersdelight:cooking_pot":1,"minecraft:gray_terracotta":1,"pipez:energy_pipe":1,"farmersdelight:potato_crate":1,"minecraft:gray_stained_glass":4,"minecraft:cobblestone":1,"biomesoplenty:sprout":1,"minecraft:oak_planks":6,"minecraft:wall_torch":1,"minecraft:light_gray_stained_glass":2,"minecraft:grass":4,"biomesoplenty:clover":1,"create:vertical_framed_glass_pane":4,"minecraft:oak_log":3,"minecraft:gravel":1,"minecraft:dirt":12,"pfm:oak_gray_simple_bed":10,"farmersdelight:stove":1,"minecraft:oak_leaves":3},"minecraft:dropped":{"apocalypsenow:human_flesh":6,"minecraft:bread":8,"minecraft:iron_sword":1,"contenttweaker:rubber":1,"minecraft:glass_bottle":8,"minecraft:diamond":3,"biomesoplenty:maple_sapling":2,"quark:gray_shard":15,"chalk:red_chalk":1,"minecraft:torch":17,"minecraft:potion":23,"minecraft:dried_kelp":5,"minecraft:string":8,"ftbquests:book":2,"apocalypsenow:glassbottle":1,"chalk:blue_chalk":1,"apocalypsenow:scissorst":1,"alexsmobs:maggot":2,"embellishcraft:smooth_marble":22,"minecraft:rotten_flesh":2,"biomesoplenty:orange_autumn_sapling":1,"farmersdelight:vegetable_soup":1,"apocalypsenow:money":1,"patchouli:guide_book":1,"minecraft:leather_chestplate":2,"minecraft:quartz_block":3,"securitycraft:camera_monitor":1,"minecraft:wooden_pickaxe":1,"firstaid:plaster":8,"immersiveengineering:seed":1},"minecraft:killed":{"undead_revamp2:the_moonflower":2,"minecraft:zombie":8,"alexsmobs:crow":1},"minecraft:crafted":{"minecraft:air":76,"minecraft:stick":4},"minecraft:killed_by":{"minecraft:husk":2,"undead_revamp2:the_moonflower":1,"zombie_extreme:runner":2,"zombiemobs:zombie_fox":1,"zombiemobs:zombie_dolphin":1,"alexsmobs:bison":3,"zombie_extreme:infected_police":1,"minecraft:zombie":11,"undead_revamp2:thesmoker":2},"minecraft:picked_up":{"minecraft:crafting_table":1,"minecraft:wooden_pickaxe":1,"biomesoplenty:orange_autumn_sapling":2,"minecraft:brown_bed":2,"embellishcraft:steel_wall_ladder":3,"minecraft:potion":21,"minecraft:string":8,"pfm:oak_gray_simple_bed":10,"pipez:energy_pipe":1,"farmersdelight:cabbage":2,"minecraft:spruce_planks":2,"farmersdelight:cod_slice":4,"quark:yellow_blossom_sapling":10,"embellishcraft:smooth_marble":29,"pfm:white_stove":1,"minecraft:torch":18,"minecraft:bowl":1,"quark:blossom_log":14,"minecraft:dried_kelp":5,"apocalypsenow:glassbottle":1,"chalk:blue_chalk":1,"quark:blossom_planks":1,"minecraft:quartz_block":4,"minecraft:light_gray_bed":1,"minecraft:rotten_flesh":8,"farmersdelight:hamburger":32,"farmersdelight:melon_juice":16,"minecraft:cobblestone":3,"minecraft:leather_chestplate":2,"immersiveengineering:concrete_quarter":1,"embellishcraft:smooth_basalt_wall":2,"embellishcraft:polished_marble":1,"contenttweaker:rubber":1,"minecraft:oak_log":3,"farmersdelight:roast_chicken_block":1,"minecraft:dirt":41,"minecraft:bone":6,"farmersdelight:cooking_pot":1,"farmersdelight:vegetable_soup":1,"apocalypsenow:human_flesh":14,"ftbquests:book":2,"farmersdelight:apple_cider":3,"minecraft:iron_ingot":7,"minecraft:glass_bottle":4,"tac:9mm_round":1,"minecraft:oak_planks":12,"minecraft:iron_sword":1,"firstaid:plaster":7,"patchouli:guide_book":1,"chalk:red_chalk":1,"minecraft:gravel":1,"simplylight:illuminant_yellow_block":1,"apocalypsenow:dagger":1,"biomesoplenty:maple_sapling":2,"minecraft:diamond":3,"immersiveengineering:seed":2,"minecraft:bread":8,"alexsmobs:maggot":2,"quark:gray_shard":29,"apocalypsenow:scissorst":1,"pfm:dark_oak_green_simple_bed":1,"farmersdelight:stove":1}},"DataVersion":2975}