{"stats":{"minecraft:dropped":{"minecraft:bread":8,"minecraft:iron_sword":1,"apocalypsenow:scissorst":1,"contenttweaker:rubber":1,"minecraft:glass_bottle":2,"minecraft:diamond":3,"embellishcraft:smooth_marble":22,"biomesoplenty:maple_sapling":2,"minecraft:rotten_flesh":2,"biomesoplenty:orange_autumn_sapling":1,"farmersdelight:vegetable_soup":1,"apocalypsenow:money":1,"quark:gray_shard":15,"patchouli:guide_book":1,"minecraft:leather_chestplate":2,"chalk:red_chalk":1,"minecraft:torch":17,"minecraft:quartz_block":3,"minecraft:potion":23,"minecraft:dried_kelp":5,"securitycraft:camera_monitor":1,"minecraft:wooden_pickaxe":1,"firstaid:plaster":8,"minecraft:string":2,"immersiveengineering:seed":1,"ftbquests:book":2,"apocalypsenow:glassbottle":1,"chalk:blue_chalk":1,"apocalypsenow:human_flesh":6},"minecraft:mined":{"farmersdelight:cooking_pot":1,"pfm:dark_oak_green_simple_bed":1,"minecraft:gray_terracotta":1,"farmersdelight:roast_chicken_block":1,"pipez:energy_pipe":1,"farmersdelight:potato_crate":1,"minecraft:gray_stained_glass_pane":5,"biomesoplenty:bush":1,"minecraft:grass_block":25,"minecraft:gray_stained_glass":4,"minecraft:cobblestone":1,"biomesoplenty:sprout":1,"pfm:white_stove":1,"minecraft:oak_planks":6,"minecraft:wall_torch":1,"minecraft:spawner":2,"minecraft:black_stained_glass_pane":5,"create:vertical_framed_glass":2,"minecraft:light_gray_stained_glass":2,"biomesoplenty:lavender":1,"minecraft:brown_bed":1,"minecraft:grass":4,"minecraft:oak_log":3,"minecraft:gravel":1,"minecraft:dirt":12,"pfm:oak_gray_simple_bed":10,"farmersdelight:stove":1,"biomesoplenty:barley":1,"minecraft:stone":3,"create:dark_oak_window_pane":5,"minecraft:oak_leaves":3},"minecraft:used":{"pfm:oak_gray_simple_bed":8,"apocalypsenow:police_chestplate":1,"minecraft:stone_pickaxe":5,"minecraft:dried_kelp":3,"minecraft:oak_planks":12,"minecraft:wooden_pickaxe":21,"minecraft:leather_chestplate":1,"farmersdelight:cabbage":1,"minecraft:iron_sword":9,"minecraft:torch":3,"minecraft:dirt":29,"apocalypsenow:grape_juice":1,"minecraft:crafting_table":2,"farmersdelight:cod_roll":3,"farmersdelight:stuffed_pumpkin_block":1,"embellishcraft:smooth_marble":6,"apocalypsenow:coffee":1,"apocalypsenow:garden_fork":14,"minecraft:quartz_block":1,"minecraft:leather_helmet":1,"minecraft:gravel":1,"apocalypsenow:dagger":6,"farmersdelight:tomato_sauce":1,"minecraft:potion":9,"apocalypsenow:night_stick":3,"pipez:energy_pipe":1,"minecraft:light_gray_bed":1,"minecraft:brown_bed":1,"farmersdelight:roast_chicken_block":1},"minecraft:custom":{"minecraft:interact_with_furnace":1,"lootr:looted_stat":24,"minecraft:mob_kills":3,"minecraft:interact_with_crafting_table":4,"minecraft:open_barrel":3,"minecraft:open_shulker_box":1,"minecraft:trashcan_opened":1,"minecraft:leave_game":2,"minecraft:time_since_death":8179,"minecraft:sleep_in_bed":3,"minecraft:climb_one_cm":33955,"minecraft:time_since_rest":8297,"minecraft:sprint_one_cm":293229,"minecraft:damage_taken":7703,"minecraft:walk_one_cm":305213,"minecraft:drop":47,"minecraft:damage_dealt":1421,"minecraft:swim_one_cm":74878,"minecraft:fly_one_cm":840799,"minecraft:player_kills":1,"minecraft:crouch_one_cm":5548,"minecraft:play_time":115816,"minecraft:deaths":26,"minecraft:sneak_time":1906,"minecraft:walk_under_water_one_cm":8902,"minecraft:interact_with_brewingstand":1,"minecraft:jump":3142,"minecraft:walk_on_water_one_cm":18504,"minecraft:total_world_time":115816,"minecraft:fall_one_cm":114420},"minecraft:killed":{"undead_revamp2:the_moonflower":2,"alexsmobs:crow":1},"minecraft:picked_up":{"immersiveengineering:concrete_quarter":1,"minecraft:crafting_table":1,"minecraft:leather_chestplate":2,"embellishcraft:smooth_basalt_wall":2,"minecraft:wooden_pickaxe":1,"biomesoplenty:orange_autumn_sapling":2,"contenttweaker:rubber":1,"minecraft:brown_bed":1,"embellishcraft:steel_wall_ladder":3,"minecraft:potion":21,"embellishcraft:polished_marble":1,"minecraft:oak_log":3,"farmersdelight:roast_chicken_block":1,"minecraft:string":2,"minecraft:dirt":35,"pipez:energy_pipe":1,"pfm:oak_gray_simple_bed":10,"farmersdelight:cooking_pot":1,"farmersdelight:vegetable_soup":1,"apocalypsenow:human_flesh":13,"minecraft:spruce_planks":2,"farmersdelight:cabbage":2,"ftbquests:book":2,"farmersdelight:apple_cider":3,"minecraft:iron_ingot":7,"farmersdelight:cod_slice":4,"minecraft:glass_bottle":2,"minecraft:iron_sword":1,"minecraft:oak_planks":12,"firstaid:plaster":7,"embellishcraft:smooth_marble":29,"patchouli:guide_book":1,"chalk:red_chalk":1,"pfm:white_stove":1,"minecraft:torch":18,"minecraft:bowl":1,"minecraft:gravel":1,"minecraft:dried_kelp":5,"apocalypsenow:glassbottle":1,"chalk:blue_chalk":1,"apocalypsenow:dagger":1,"minecraft:rotten_flesh":2,"minecraft:quartz_block":4,"biomesoplenty:maple_sapling":2,"minecraft:light_gray_bed":1,"minecraft:diamond":3,"immersiveengineering:seed":2,"farmersdelight:hamburger":32,"pfm:dark_oak_green_simple_bed":1,"minecraft:bread":8,"quark:gray_shard":29,"apocalypsenow:scissorst":1,"farmersdelight:stove":1,"minecraft:cobblestone":3},"minecraft:killed_by":{"minecraft:husk":2,"undead_revamp2:the_moonflower":1,"minecraft:zombie":10,"zombie_extreme:runner":2,"zombiemobs:zombie_fox":1,"undead_revamp2:thesmoker":1,"zombiemobs:zombie_dolphin":1,"alexsmobs:bison":3,"zombie_extreme:infected_police":1},"minecraft:crafted":{"minecraft:air":20,"minecraft:stick":4}},"DataVersion":2975}