{"stats":{"minecraft:mined":{"pfm:dark_oak_green_simple_bed":1,"pfm:dark_wood_kitchen_sink":1,"minecraft:spruce_planks":5,"zombie_extreme:tube_tv":1,"embellishcraft:sturdy_steel_door":12,"farmersdelight:roast_chicken_block":1,"pfm:light_wood_kitchen_drawer":7,"another_furniture:oak_shelf":8,"minecraft:spruce_trapdoor":8,"create:redstone_contact":1,"minecraft:grass_block":31,"minecraft:stone_brick_wall":4,"biomesoplenty:flowering_oak_leaves":1,"biomesoplenty:smooth_white_sandstone":293,"another_furniture:dark_oak_shelf":2,"pfm:white_stove":1,"buildersdelight:industrial_flat_2":1,"minecraft:spawner":47,"pfm:light_wood_modern_stool":6,"minecraft:smooth_stone":8,"cfm:stripped_dark_oak_bedside_cabinet":2,"embellishcraft:oak_plain_door":9,"pfm:iron_oven_range_hood":6,"create:vertical_framed_glass":2,"minecraft:fire":53,"pfm:dark_wood_modern_stool":2,"biomesoplenty:lavender":1,"quark:blossom_planks":23,"cfm:stripped_oak_bedside_cabinet":5,"pfm:white_fridge":5,"minecraft:brown_bed":6,"another_furniture:dark_oak_drawer":5,"minecraft:iron_block":1,"another_furniture:spruce_shutter":15,"create:dark_oak_window_pane":5,"minecraft:spruce_slab":7,"minecraft:tripwire":2,"create:andesite_bars":37,"minecraft:gray_terracotta":1,"lootr:lootr_chest":4,"pipez:energy_pipe":1,"farmersdelight:potato_crate":1,"createdeco:locked_cast_iron_door":1,"immersiveengineering:metal_barrel":4,"minecraft:torch":12,"pfm:basic_shower_head":1,"minecraft:polished_andesite_stairs":4,"create:display_link":1,"pfm:dark_wood_kitchen_counter_oven":1,"embellishcraft:polished_marble":5,"create:train_door":2,"cfm:stripped_oak_coffee_table":4,"minecraft:cobblestone":2,"create:nixie_tube":1,"minecraft:oak_planks":14,"minecraft:damaged_anvil":1,"minecraft:iron_door":2,"minecraft:wall_torch":24,"pfm:dark_wood_kitchen_drawer":1,"pfm:light_wood_simple_stool":1,"another_furniture:oak_drawer":4,"minecraft:stone_stairs":2,"lootr:trophy":1,"pfm:basic_toilet":4,"minecraft:tinted_glass":8,"minecraft:light_gray_stained_glass":2,"minecraft:birch_trapdoor":2,"minecraft:grass":4,"biomesoplenty:clover":1,"create:vertical_framed_glass_pane":6,"minecraft:oak_log":3,"simplylight:edge_light_top":19,"minecraft:dirt":12,"minecraft:smooth_quartz":51,"pfm:oak_gray_simple_bed":10,"pfm:iron_microwave":1,"embellishcraft:smooth_marble_stairs":11,"minecraft:oak_leaves":4,"cfm:stripped_spruce_coffee_table":2,"create:spruce_window_pane":4,"createdeco:andesite_door":7,"quark:smooth_quartz_vertical_slab":12,"pfm:oak_light_gray_simple_bed":2,"embellishcraft:air_duct":12,"cfm:stripped_oak_table":8,"minecraft:stripped_birch_log":5,"minecraft:gray_stained_glass_pane":7,"simplylight:illuminant_panel":7,"minecraft:dark_oak_pressure_plate":5,"biomesoplenty:bush":1,"apocalypsenow:brokenoldradio":4,"quark:stone_brick_vertical_slab":1,"minecraft:polished_andesite_slab":3,"cfm:stripped_dark_oak_cabinet":6,"another_furniture:spruce_bench":4,"quark:bamboo_mat":15,"rocks:rock":1,"ag_day_counter:calendar":2,"minecraft:black_stained_glass_pane":9,"pfm:dark_oak_light_gray_simple_bed":1,"immersivepetroleum:asphalt":22,"pfm:light_wood_kitchen_wall_drawer":3,"another_furniture:oak_bench":5,"immersiveengineering:steel_slope":1,"embellishcraft:warning_steel_door":2,"biomesoplenty:barley":1,"embellishcraft:spruce_plain_door":1,"minecraft:stone":11,"farmersdelight:cooking_pot":3,"quark:spruce_hedge":2,"minecraft:oak_slab":6,"minecraft:light_gray_carpet":1,"pfm:white_freezer":5,"pfm:dark_wood_kitchen_wall_drawer":4,"pfm:light_wood_kitchen_sink":3,"pfm:basic_sink":3,"cfm:light_gray_sofa":5,"pfm:light_gray_simple_sofa":13,"buildersdelight:spruce_table_1":2,"minecraft:gray_stained_glass":10,"biomesoplenty:sprout":1,"cfm:stripped_dark_oak_table":2,"embellishcraft:spruce_large_suspended_stairs":9,"cfm:stripped_oak_desk_cabinet":1,"minecraft:spruce_stairs":6,"minecraft:birch_planks":1,"apocalypsenow:broken_plasma_tv":1,"create:polished_cut_diorite":27,"embellishcraft:smooth_marble":309,"immersiveengineering:steel_scaffolding_standard":1,"embellishcraft:polished_gneiss":30,"quark:oak_hedge":3,"immersiveengineering:tank":1,"embellishcraft:dark_oak_plain_door":3,"minecraft:gravel":1,"quark:dark_oak_hedge":1,"farmersdelight:stove":1,"pfm:light_wood_kitchen_counter_oven":3,"embellishcraft:polished_marble_wall":5,"minecraft:polished_andesite":5,"minecraft:stone_bricks":16},"minecraft:picked_up":{"apocalypsenow:apple_juice":5,"embellishcraft:warning_steel_door":1,"pfm:light_wood_kitchen_drawer":3,"embellishcraft:polished_gneiss":27,"biomesoplenty:orange_autumn_sapling":2,"minecraft:brown_bed":6,"embellishcraft:steel_wall_ladder":3,"minecraft:potion":21,"apocalypsenow:can_opener":2,"pfm:white_freezer":2,"farmersdelight:cutting_board":3,"minecraft:string":167,"minecraft:dark_oak_pressure_plate":5,"another_furniture:oak_shelf":4,"pfm:oak_gray_simple_bed":10,"pipez:energy_pipe":1,"create:andesite_bars":37,"create:nixie_tube":1,"minecraft:smooth_stone":2,"farmersdelight:vegetable_noodles":5,"farmersdelight:cabbage":2,"minecraft:spruce_planks":7,"tac:m16a4":1,"farmersdelight:pasta_with_meatballs":11,"minecraft:smooth_quartz":50,"farmersdelight:ratatouille":3,"minecraft:stick":4,"create:train_door":2,"simplylight:illuminant_panel":7,"embellishcraft:smooth_marble":299,"minecraft:birch_trapdoor":2,"pfm:white_stove":1,"apocalypsenow:canned_pork":13,"minecraft:torch":123,"minecraft:spruce_stairs":5,"quark:blossom_log":14,"minecraft:dried_kelp":5,"apocalypsenow:glassbottle":1,"chalk:blue_chalk":1,"farmersdelight:chicken_cuts":6,"quark:blossom_planks":24,"apocalypsenow:fire_figther_leggings":6,"cfm:stripped_spruce_coffee_table":2,"farmersdelight:melon_popsicle":3,"embellishcraft:spruce_plain_door":2,"minecraft:quartz_block":4,"quark:smooth_quartz_vertical_slab":12,"apocalypsenow:scissors":1,"apocalypsenow:porpsi":22,"minecraft:light_gray_bed":1,"minecraft:rotten_flesh":266,"minecraft:iron_block":1,"apocalypsenow:bikers_helmet":1,"pfm:dark_wood_kitchen_drawer":1,"farmersdelight:melon_juice":17,"another_furniture:spruce_bench":4,"minecraft:cobblestone":7,"tac:round45":6,"immersiveengineering:concrete_quarter":1,"minecraft:leather_chestplate":2,"minecraft:iron_door":2,"apocalypsenow:peach_juice":2,"apocalypsenow:coffee":7,"cfm:stripped_oak_bedside_cabinet":3,"buildersdelight:spruce_table_1":2,"createdeco:andesite_door":7,"apocalypsenow:cereal":43,"pfm:light_wood_modern_stool":4,"contenttweaker:rubber":2,"farmersdelight:roast_chicken_block":1,"immersivepetroleum:asphalt":22,"apocalypsenow:construction_chestplate":1,"minecraft:dirt":41,"immersiveengineering:sheetmetal_iron":1,"minecraft:stripped_birch_log":5,"minecraft:lantern":2,"lootr:trophy":1,"minecraft:leather_boots":1,"cfm:stripped_oak_coffee_table":4,"embellishcraft:dark_oak_plain_door":3,"minecraft:bone":147,"farmersdelight:vegetable_soup":1,"apocalypsenow:human_flesh":14,"ftbquests:book":2,"pfm:dark_wood_kitchen_wall_drawer":4,"pfm:basic_toilet":4,"tac:9mm_round":24,"pfm:light_wood_kitchen_sink":1,"minecraft:oak_planks":20,"pfm:kitchen_stovetop":2,"apocalypsenow:brokenoldradio":4,"firstaid:plaster":7,"patchouli:guide_book":1,"chalk:red_chalk":1,"embellishcraft:smooth_marble_stairs":10,"pfm:iron_oven_range_hood":6,"apocalypsenow:chips":25,"apocalypsenow:black_motorcycle_helmet_helmet":1,"simplylight:illuminant_yellow_block":1,"apocalypsenow:dagger":4,"apocalypsenow:coke":4,"apocalypsenow:golf_stick":1,"minecraft:polished_andesite":5,"apocalypsenow:broken_plasma_tv":1,"minecraft:diamond":4,"pfm:basic_shower_head":2,"create:polished_cut_diorite":18,"embellishcraft:spruce_large_suspended_stairs":9,"minecraft:bread":8,"alexsmobs:maggot":3,"pfm:dark_oak_green_simple_bed":1,"minecraft:light_gray_carpet":2,"apocalypsenow:scissorst":1,"pfm:dark_oak_light_gray_simple_bed":1,"biomesoplenty:smooth_white_sandstone":321,"minecraft:crafting_table":1,"apocalypsenow:letter_opener":3,"apocalypsenow:fire_figther_boots":6,"minecraft:wooden_pickaxe":1,"minecraft:stone_brick_wall":2,"biomesoplenty:jacaranda_sapling":4,"pfm:dark_wood_kitchen_counter_oven":1,"cfm:stripped_dark_oak_cabinet":6,"apocalypsenow:construction_boots":4,"farmersdelight:cod_slice":8,"simplylight:edge_light_top":19,"embellishcraft:sturdy_steel_door":11,"minecraft:spruce_slab":5,"quark:yellow_blossom_sapling":10,"minecraft:tinted_glass":4,"minecraft:chest":1,"minecraft:spruce_trapdoor":5,"apocalypsenow:hookey_stick":1,"minecraft:egg":7,"another_furniture:dark_oak_drawer":4,"createdeco:yellow_decal":2,"farmersdelight:minced_beef":2,"minecraft:bowl":4,"another_furniture:spruce_shutter":11,"pfm:light_wood_kitchen_wall_drawer":3,"pfm:dark_wood_modern_stool":1,"minecraft:carrot":1,"tac:b_magnum":1,"apocalypsenow:whisky":5,"apocalypsenow:baseball_bat":1,"biomesoplenty:jacaranda_log":11,"farmersdelight:hamburger":32,"quark:bamboo_mat":15,"firstaid:bandage":5,"embellishcraft:smooth_basalt_wall":2,"another_furniture:oak_bench":5,"apocalypsenow:orange_juice":18,"apocalypsenow:butterfly_knife":2,"minecraft:birch_planks":1,"minecraft:oak_log":23,"embellishcraft:polished_marble":6,"minecraft:paper":4,"cfm:stripped_oak_table":4,"createdeco:locked_cast_iron_door":1,"apocalypsenow:construction_leggings":2,"minecraft:apple":2,"minecraft:stone_bricks":12,"farmersdelight:cooking_pot":3,"another_furniture:dark_oak_shelf":2,"farmersdelight:apple_cider":3,"apocalypsenow:money":19,"minecraft:iron_ingot":7,"minecraft:glass_bottle":11,"minecraft:polished_andesite_slab":3,"minecraft:iron_sword":1,"tac:ae50":7,"apocalypsenow:grape_juice":8,"quark:spruce_hedge":2,"apocalypsenow:blue_football_armor_boots":1,"embellishcraft:oak_plain_door":9,"minecraft:polished_andesite_stairs":7,"minecraft:oak_slab":4,"pfm:light_gray_simple_sofa":11,"cfm:light_gray_sofa":5,"minecraft:gravel":1,"apocalypsenow:vodka":26,"pfm:white_fridge":4,"farmersdelight:bacon_and_eggs":2,"pfm:basic_sink":3,"pfm:light_wood_kitchen_counter_oven":1,"biomesoplenty:maple_sapling":2,"immersiveengineering:seed":2,"ag_day_counter:calendar":2,"quark:oak_hedge":2,"embellishcraft:air_duct":12,"pfm:dark_wood_kitchen_sink":1,"quark:gray_shard":47,"minecraft:damaged_anvil":1,"farmersdelight:stove":1,"embellishcraft:polished_marble_wall":5},"minecraft:dropped":{"minecraft:iron_sword":1,"contenttweaker:rubber":1,"tac:m16a4":2,"minecraft:diamond":3,"minecraft:glass_bottle":19,"artifacts:superstitious_hat":1,"apocalypsenow:fire_figther_boots":3,"embellishcraft:air_duct":4,"biomesoplenty:smooth_white_sandstone":46,"apocalypsenow:chips":5,"tac:10_gauge_round":29,"apocalypsenow:hookey_stick":1,"ftbquests:book":2,"apocalypsenow:glassbottle":1,"embellishcraft:polished_marble":2,"apocalypsenow:vodka":22,"minecraft:bone":35,"apocalypsenow:scissorst":1,"minecraft:polished_andesite_slab":3,"minecraft:rotten_flesh":147,"biomesoplenty:orange_autumn_sapling":1,"apocalypsenow:money":4,"minecraft:light_gray_carpet":1,"embellishcraft:oak_plain_door":5,"apocalypsenow:bloodybandages":1,"immersiveengineering:sheetmetal_iron":1,"apocalypsenow:black_motorcycle_helmet_helmet":1,"patchouli:guide_book":1,"farmersdelight:cutting_board":3,"minecraft:leather_chestplate":2,"apocalypsenow:coffee":3,"embellishcraft:warning_steel_door":1,"apocalypsenow:fire_figther_leggings":2,"minecraft:quartz_block":3,"apocalypsenow:dagger":1,"minecraft:stone_brick_wall":2,"nameless_trinkets:broken_magnet":1,"createdeco:locked_cast_iron_door":1,"securitycraft:camera_monitor":1,"apocalypsenow:can_opener":1,"immersiveengineering:seed":1,"apocalypsenow:blue_football_armor_boots":2,"pfm:white_fridge":2,"apocalypsenow:human_flesh":6,"minecraft:bread":8,"biomesoplenty:jacaranda_sapling":4,"tac:glock_17":1,"biomesoplenty:maple_sapling":2,"apocalypsenow:cereal":13,"minecraft:dark_oak_pressure_plate":1,"quark:gray_shard":15,"pfm:basic_shower_head":2,"minecraft:stick":2,"artifacts:lucky_scarf":1,"apocalypsenow:letter_opener":3,"chalk:red_chalk":1,"minecraft:torch":26,"minecraft:iron_door":2,"apocalypsenow:porpsi":4,"minecraft:potion":23,"minecraft:dried_kelp":5,"artifacts:crystal_heart":1,"minecraft:string":58,"chalk:blue_chalk":1,"create:nixie_tube":1,"alexsmobs:maggot":3,"minecraft:bowl":3,"apocalypsenow:orange_juice":18,"embellishcraft:smooth_marble":37,"farmersdelight:vegetable_soup":1,"apocalypsenow:canned_pork":16,"embellishcraft:polished_marble_wall":1,"apocalypsenow:suturekit":2,"minecraft:wooden_pickaxe":1,"apocalypsenow:emergency_axe":1,"firstaid:plaster":8,"tac:9mm_round":143,"apocalypsenow:survival_axe":1,"nameless_trinkets:experience_battery":1},"minecraft:killed_by":{"undead_revamp2:the_moonflower":1,"zombie_extreme:runner":2,"minecraft:zombie":11,"undead_revamp2:thesmoker":2,"minecraft:husk":2,"minecraft:player":1,"zombiemobs:zombie_fox":1,"zombiemobs:zombie_dolphin":1,"alexsmobs:bison":3,"zombie_extreme:infected_police":1},"minecraft:used":{"embellishcraft:sturdy_steel_door":1,"minecraft:spruce_slab":5,"quark:bamboo_mat":15,"minecraft:chest":6,"farmersdelight:cabbage":1,"minecraft:iron_sword":9,"lootr:trophy":1,"apocalypsenow:chips":1,"farmersdelight:melon_juice":32,"immersivepetroleum:asphalt":18,"pfm:dark_wood_kitchen_drawer":1,"simplylight:illuminant_yellow_block":1,"embellishcraft:smooth_marble":144,"apocalypsenow:coffee":1,"simplylight:illuminant_panel":7,"embellishcraft:polished_gneiss":27,"another_furniture:dark_oak_shelf":1,"minecraft:lantern":1,"minecraft:quartz_block":1,"minecraft:stone_bricks":12,"minecraft:birch_trapdoor":2,"carryon:tile_item":1,"farmersdelight:tomato_sauce":1,"pfm:light_wood_modern_stool":2,"pfm:white_freezer":2,"farmersdelight:hamburger":17,"apocalypsenow:police_chestplate":1,"minecraft:stripped_birch_log":2,"pfm:white_fridge":2,"pfm:kitchen_stovetop":1,"minecraft:stone_pickaxe":5,"minecraft:oak_planks":41,"minecraft:leather_chestplate":1,"minecraft:wooden_pickaxe":21,"simplylight:edge_light_top":19,"pfm:light_wood_kitchen_drawer":3,"embellishcraft:polished_marble_wall":4,"farmersdelight:chicken_sandwich":1,"another_furniture:spruce_shutter":8,"farmersdelight:cod_roll":3,"embellishcraft:spruce_plain_door":2,"pfm:iron_oven_range_hood":2,"apocalypsenow:iron_baseball_bat":121,"cfm:stripped_oak_coffee_table":3,"apocalypsenow:garden_fork":14,"another_furniture:dark_oak_drawer":4,"minecraft:string":2,"minecraft:gravel":1,"pfm:dark_wood_kitchen_counter_oven":1,"apocalypsenow:dagger":6,"apocalypsenow:mace":31,"another_furniture:oak_shelf":4,"embellishcraft:polished_marble":3,"pfm:oak_gray_simple_bed":8,"minecraft:flint_and_steel":74,"minecraft:dried_kelp":3,"minecraft:light_gray_carpet":1,"minecraft:spruce_planks":5,"minecraft:tinted_glass":2,"cfm:stripped_spruce_coffee_table":2,"minecraft:torch":151,"minecraft:dirt":29,"apocalypsenow:grape_juice":1,"minecraft:spruce_stairs":4,"another_furniture:oak_bench":3,"farmersdelight:stuffed_pumpkin_block":1,"pfm:dark_oak_light_gray_simple_bed":1,"minecraft:iron_axe":205,"minecraft:iron_block":1,"pfm:dark_wood_kitchen_wall_drawer":4,"minecraft:smooth_quartz":50,"biomesoplenty:smooth_white_sandstone":184,"apocalypsenow:porpsi":1,"farmersdelight:cooking_pot":1,"quark:blossom_planks":85,"apocalypsenow:night_stick":63,"minecraft:light_gray_bed":1,"minecraft:brown_bed":4,"farmersdelight:roast_chicken_block":1,"minecraft:birch_planks":13,"minecraft:polished_andesite":4,"cfm:stripped_dark_oak_cabinet":6,"apocalypsenow:broken_plasma_tv":1,"minecraft:oak_slab":78,"minecraft:crafting_table":3,"embellishcraft:smooth_marble_stairs":2,"minecraft:diamond_pickaxe":818,"farmersdelight:apple_cider":1,"pfm:light_gray_simple_sofa":6,"quark:oak_hedge":1,"pfm:dark_wood_kitchen_sink":1,"minecraft:iron_pickaxe":250,"quark:smooth_quartz_vertical_slab":11,"minecraft:leather_helmet":1,"pfm:light_wood_kitchen_wall_drawer":3,"cfm:stripped_oak_table":4,"minecraft:cobblestone":4,"minecraft:potion":18,"cfm:stripped_oak_bedside_cabinet":3,"pipez:energy_pipe":1,"cfm:light_gray_sofa":5,"buildersdelight:spruce_table_1":1,"minecraft:smooth_stone":1},"minecraft:killed":{"undead_revamp2:thesmoker":2,"undead_revamp2:theordure":2,"minecraft:zombie":130,"zombie_extreme:infected_police":1,"alexsmobs:fly":1,"zombie_extreme:runner":5,"zombie_extreme:crawler":1,"minecraft:husk":6,"undead_revamp2:the_moonflower":17,"alexsmobs:crow":1},"minecraft:broken":{"minecraft:iron_pickaxe":1},"minecraft:custom":{"lootr:looted_stat":138,"minecraft:interact_with_crafting_table":17,"minecraft:open_barrel":9,"minecraft:microwave_used":1,"minecraft:open_shulker_box":1,"minecraft:eat_cake_slice":10,"minecraft:leave_game":14,"minecraft:time_since_death":267689,"minecraft:sprint_one_cm":857106,"minecraft:drop":198,"minecraft:use_bathtub":1,"minecraft:talked_to_villager":4,"minecraft:play_time":488922,"minecraft:deaths":29,"minecraft:jump":7242,"minecraft:interact_with_brewingstand":1,"minecraft:walk_on_water_one_cm":23035,"minecraft:interact_with_furnace":2,"minecraft:stove_opened":11,"minecraft:sleep_in_bed":12,"minecraft:damage_dealt":7750,"minecraft:player_kills":3,"minecraft:crouch_one_cm":67815,"minecraft:interact_with_smithing_table":4,"minecraft:mob_kills":233,"minecraft:damage_dealt_resisted":247,"minecraft:climb_one_cm":48407,"minecraft:walk_one_cm":1745977,"minecraft:fridge_opened":42,"minecraft:chair_used":2,"minecraft:damage_dealt_absorbed":24,"minecraft:sneak_time":20148,"minecraft:walk_under_water_one_cm":11182,"minecraft:boat_one_cm":29644,"minecraft:drawer_searched":138,"minecraft:total_world_time":488922,"minecraft:toilet_used":1,"minecraft:trashcan_opened":6,"minecraft:interact_with_stonecutter":1,"minecraft:time_since_rest":39843,"minecraft:cabinet_searched":5,"minecraft:damage_taken":11492,"minecraft:swim_one_cm":74878,"minecraft:freezer_opened":20,"minecraft:fly_one_cm":1828276,"minecraft:open_chest":114,"minecraft:fall_one_cm":211898},"minecraft:crafted":{"apocalypsenow:construction_chestplate":1,"apocalypsenow:iron_baseball_bat":1,"minecraft:diamond_pickaxe":1,"sophisticatedbackpacks:diamond_backpack":1,"minecraft:stick":12,"apocalypsenow:fire_figther_leggings":1,"sophisticatedbackpacks:iron_backpack":1,"sophisticatedbackpacks:gold_backpack":1,"minecraft:air":552,"apocalypsenow:construction_helmet":1}},"DataVersion":2975}