{"stats":{"minecraft:mined":{"createdeco:andesite_door":3,"pfm:dark_oak_green_simple_bed":1,"embellishcraft:sturdy_steel_door":2,"embellishcraft:air_duct":4,"pfm:light_wood_kitchen_drawer":2,"farmersdelight:roast_chicken_block":1,"minecraft:stripped_birch_log":5,"minecraft:gray_stained_glass_pane":5,"biomesoplenty:bush":1,"minecraft:grass_block":31,"quark:bamboo_mat":15,"pfm:white_stove":1,"buildersdelight:industrial_flat_2":1,"minecraft:spawner":3,"minecraft:black_stained_glass_pane":9,"create:vertical_framed_glass":2,"biomesoplenty:lavender":1,"quark:blossom_planks":12,"minecraft:brown_bed":3,"embellishcraft:warning_steel_door":2,"biomesoplenty:barley":1,"minecraft:stone":3,"create:dark_oak_window_pane":5,"minecraft:tripwire":2,"farmersdelight:cooking_pot":1,"create:andesite_bars":37,"minecraft:gray_terracotta":1,"pipez:energy_pipe":1,"farmersdelight:potato_crate":1,"immersiveengineering:metal_barrel":4,"minecraft:polished_andesite_stairs":4,"minecraft:gray_stained_glass":4,"create:display_link":1,"create:train_door":2,"minecraft:cobblestone":1,"biomesoplenty:sprout":1,"minecraft:oak_planks":6,"minecraft:wall_torch":1,"minecraft:birch_planks":1,"minecraft:light_gray_stained_glass":2,"minecraft:birch_trapdoor":2,"minecraft:grass":4,"embellishcraft:smooth_marble":147,"biomesoplenty:clover":1,"minecraft:oak_log":3,"create:vertical_framed_glass_pane":6,"minecraft:gravel":1,"minecraft:dirt":12,"pfm:oak_gray_simple_bed":10,"farmersdelight:stove":1,"embellishcraft:smooth_marble_stairs":4,"minecraft:oak_leaves":3},"minecraft:killed":{"zombie_extreme:crawler":1,"undead_revamp2:the_moonflower":4,"minecraft:zombie":10,"alexsmobs:crow":1},"minecraft:picked_up":{"minecraft:crafting_table":1,"apocalypsenow:fire_figther_boots":1,"embellishcraft:warning_steel_door":1,"minecraft:wooden_pickaxe":1,"biomesoplenty:orange_autumn_sapling":2,"minecraft:brown_bed":3,"embellishcraft:steel_wall_ladder":3,"minecraft:potion":21,"minecraft:string":20,"create:andesite_bars":37,"pfm:oak_gray_simple_bed":10,"pipez:energy_pipe":1,"farmersdelight:cabbage":2,"minecraft:spruce_planks":2,"farmersdelight:cod_slice":4,"embellishcraft:sturdy_steel_door":1,"quark:yellow_blossom_sapling":10,"create:train_door":2,"embellishcraft:smooth_marble":144,"minecraft:birch_trapdoor":2,"pfm:white_stove":1,"minecraft:torch":44,"minecraft:bowl":4,"quark:blossom_log":14,"minecraft:dried_kelp":5,"apocalypsenow:glassbottle":1,"chalk:blue_chalk":1,"quark:blossom_planks":13,"minecraft:quartz_block":4,"minecraft:light_gray_bed":1,"minecraft:rotten_flesh":16,"farmersdelight:hamburger":32,"quark:bamboo_mat":15,"farmersdelight:melon_juice":16,"minecraft:cobblestone":3,"minecraft:leather_chestplate":2,"immersiveengineering:concrete_quarter":1,"embellishcraft:smooth_basalt_wall":2,"createdeco:andesite_door":3,"minecraft:birch_planks":1,"embellishcraft:polished_marble":1,"contenttweaker:rubber":1,"minecraft:oak_log":3,"farmersdelight:roast_chicken_block":1,"minecraft:stripped_birch_log":5,"minecraft:dirt":41,"minecraft:paper":4,"minecraft:bone":10,"farmersdelight:cooking_pot":1,"farmersdelight:vegetable_soup":1,"apocalypsenow:human_flesh":14,"ftbquests:book":2,"farmersdelight:apple_cider":3,"minecraft:iron_ingot":7,"minecraft:glass_bottle":4,"tac:9mm_round":1,"minecraft:oak_planks":12,"minecraft:iron_sword":1,"minecraft:polished_andesite_stairs":3,"firstaid:plaster":7,"patchouli:guide_book":1,"chalk:red_chalk":1,"embellishcraft:smooth_marble_stairs":4,"minecraft:gravel":1,"apocalypsenow:chips":1,"simplylight:illuminant_yellow_block":1,"apocalypsenow:dagger":1,"apocalypsenow:golf_stick":1,"biomesoplenty:maple_sapling":2,"minecraft:diamond":3,"immersiveengineering:seed":2,"pfm:basic_shower_head":2,"minecraft:bread":8,"embellishcraft:air_duct":2,"alexsmobs:maggot":2,"quark:gray_shard":29,"pfm:dark_oak_green_simple_bed":1,"apocalypsenow:scissorst":1,"farmersdelight:stove":1},"minecraft:custom":{"lootr:looted_stat":59,"minecraft:mob_kills":16,"minecraft:interact_with_crafting_table":5,"minecraft:open_barrel":5,"minecraft:microwave_used":1,"minecraft:open_shulker_box":1,"minecraft:leave_game":5,"minecraft:time_since_death":82204,"minecraft:climb_one_cm":39744,"minecraft:sprint_one_cm":480711,"minecraft:walk_one_cm":634355,"minecraft:fridge_opened":10,"minecraft:drop":84,"minecraft:damage_dealt_absorbed":24,"minecraft:talked_to_villager":1,"minecraft:play_time":219150,"minecraft:deaths":28,"minecraft:sneak_time":8100,"minecraft:walk_under_water_one_cm":8902,"minecraft:jump":4803,"minecraft:interact_with_brewingstand":1,"minecraft:drawer_searched":49,"minecraft:walk_on_water_one_cm":18634,"minecraft:total_world_time":219150,"minecraft:interact_with_furnace":1,"minecraft:stove_opened":6,"minecraft:trashcan_opened":1,"minecraft:sleep_in_bed":5,"minecraft:time_since_rest":26262,"minecraft:damage_taken":8766,"minecraft:damage_dealt":2908,"minecraft:swim_one_cm":74878,"minecraft:fly_one_cm":1297247,"minecraft:freezer_opened":11,"minecraft:player_kills":1,"minecraft:open_chest":9,"minecraft:crouch_one_cm":28817,"minecraft:fall_one_cm":154319},"minecraft:killed_by":{"minecraft:husk":2,"undead_revamp2:the_moonflower":1,"zombie_extreme:runner":2,"zombiemobs:zombie_fox":1,"zombiemobs:zombie_dolphin":1,"alexsmobs:bison":3,"zombie_extreme:infected_police":1,"minecraft:zombie":11,"undead_revamp2:thesmoker":2},"minecraft:used":{"pfm:oak_gray_simple_bed":8,"minecraft:dried_kelp":3,"quark:bamboo_mat":15,"farmersdelight:cabbage":1,"minecraft:iron_sword":9,"apocalypsenow:chips":1,"farmersdelight:melon_juice":10,"minecraft:torch":5,"minecraft:dirt":29,"apocalypsenow:grape_juice":1,"farmersdelight:stuffed_pumpkin_block":1,"simplylight:illuminant_yellow_block":1,"embellishcraft:smooth_marble":14,"apocalypsenow:coffee":1,"minecraft:iron_axe":13,"minecraft:quartz_block":1,"farmersdelight:tomato_sauce":1,"carryon:tile_item":1,"minecraft:birch_trapdoor":2,"apocalypsenow:porpsi":1,"quark:blossom_planks":82,"apocalypsenow:night_stick":55,"minecraft:light_gray_bed":1,"minecraft:brown_bed":2,"farmersdelight:hamburger":6,"farmersdelight:roast_chicken_block":1,"apocalypsenow:police_chestplate":1,"minecraft:birch_planks":13,"minecraft:stripped_birch_log":2,"minecraft:stone_pickaxe":5,"minecraft:oak_planks":12,"minecraft:leather_chestplate":1,"minecraft:wooden_pickaxe":21,"farmersdelight:chicken_sandwich":1,"minecraft:crafting_table":2,"farmersdelight:cod_roll":3,"apocalypsenow:iron_baseball_bat":2,"apocalypsenow:garden_fork":14,"minecraft:string":2,"minecraft:iron_pickaxe":212,"minecraft:leather_helmet":1,"minecraft:gravel":1,"apocalypsenow:dagger":6,"minecraft:potion":17,"pipez:energy_pipe":1},"minecraft:crafted":{"sophisticatedbackpacks:iron_backpack":1,"apocalypsenow:iron_baseball_bat":1,"sophisticatedbackpacks:gold_backpack":1,"minecraft:air":90,"apocalypsenow:construction_helmet":1,"minecraft:stick":8},"minecraft:dropped":{"apocalypsenow:human_flesh":6,"minecraft:bread":8,"minecraft:iron_sword":1,"contenttweaker:rubber":1,"tac:m16a4":1,"minecraft:glass_bottle":17,"minecraft:diamond":3,"biomesoplenty:maple_sapling":2,"quark:gray_shard":15,"chalk:red_chalk":1,"minecraft:torch":26,"minecraft:potion":23,"minecraft:dried_kelp":5,"minecraft:string":18,"ftbquests:book":2,"apocalypsenow:glassbottle":1,"chalk:blue_chalk":1,"apocalypsenow:scissorst":1,"alexsmobs:maggot":2,"minecraft:bowl":3,"embellishcraft:smooth_marble":22,"minecraft:rotten_flesh":8,"biomesoplenty:orange_autumn_sapling":1,"farmersdelight:vegetable_soup":1,"apocalypsenow:money":1,"apocalypsenow:bloodybandages":1,"patchouli:guide_book":1,"minecraft:leather_chestplate":2,"embellishcraft:warning_steel_door":1,"minecraft:quartz_block":3,"securitycraft:camera_monitor":1,"minecraft:wooden_pickaxe":1,"apocalypsenow:emergency_axe":1,"firstaid:plaster":8,"immersiveengineering:seed":1,"apocalypsenow:survival_axe":1}},"DataVersion":2975}