{"stats":{"minecraft:mined":{"pfm:dark_oak_green_simple_bed":1,"embellishcraft:sturdy_steel_door":5,"pfm:light_wood_kitchen_drawer":4,"farmersdelight:roast_chicken_block":1,"another_furniture:oak_shelf":2,"minecraft:grass_block":31,"biomesoplenty:smooth_white_sandstone":12,"pfm:white_stove":1,"buildersdelight:industrial_flat_2":1,"minecraft:spawner":43,"pfm:light_wood_modern_stool":2,"pfm:iron_oven_range_hood":6,"create:vertical_framed_glass":2,"biomesoplenty:lavender":1,"quark:blossom_planks":19,"minecraft:brown_bed":3,"pfm:white_fridge":1,"minecraft:iron_block":1,"create:dark_oak_window_pane":5,"minecraft:spruce_slab":1,"minecraft:tripwire":2,"create:andesite_bars":37,"minecraft:gray_terracotta":1,"pipez:energy_pipe":1,"farmersdelight:potato_crate":1,"immersiveengineering:metal_barrel":4,"minecraft:polished_andesite_stairs":4,"create:display_link":1,"embellishcraft:polished_marble":3,"create:train_door":2,"cfm:stripped_oak_coffee_table":2,"minecraft:cobblestone":2,"minecraft:oak_planks":6,"minecraft:damaged_anvil":1,"minecraft:wall_torch":7,"minecraft:stone_stairs":2,"minecraft:tinted_glass":1,"minecraft:light_gray_stained_glass":2,"minecraft:birch_trapdoor":2,"minecraft:grass":4,"biomesoplenty:clover":1,"minecraft:oak_log":3,"create:vertical_framed_glass_pane":6,"minecraft:dirt":12,"minecraft:smooth_quartz":38,"pfm:oak_gray_simple_bed":10,"embellishcraft:smooth_marble_stairs":6,"minecraft:oak_leaves":3,"create:spruce_window_pane":2,"createdeco:andesite_door":3,"quark:smooth_quartz_vertical_slab":12,"embellishcraft:air_duct":4,"cfm:stripped_oak_table":2,"minecraft:stripped_birch_log":5,"minecraft:gray_stained_glass_pane":5,"minecraft:dark_oak_pressure_plate":5,"biomesoplenty:bush":1,"apocalypsenow:brokenoldradio":2,"quark:stone_brick_vertical_slab":1,"minecraft:polished_andesite_slab":3,"quark:bamboo_mat":15,"rocks:rock":1,"minecraft:black_stained_glass_pane":9,"immersivepetroleum:asphalt":22,"pfm:light_wood_kitchen_wall_drawer":3,"another_furniture:oak_bench":4,"immersiveengineering:steel_slope":1,"embellishcraft:warning_steel_door":2,"biomesoplenty:barley":1,"minecraft:stone":11,"farmersdelight:cooking_pot":2,"pfm:white_freezer":1,"pfm:dark_wood_kitchen_wall_drawer":3,"pfm:light_wood_kitchen_sink":1,"pfm:light_gray_simple_sofa":4,"minecraft:gray_stained_glass":4,"biomesoplenty:sprout":1,"minecraft:spruce_stairs":1,"minecraft:birch_planks":1,"apocalypsenow:broken_plasma_tv":1,"embellishcraft:smooth_marble":218,"immersiveengineering:steel_scaffolding_standard":1,"immersiveengineering:tank":1,"minecraft:gravel":1,"pfm:light_wood_kitchen_counter_oven":1,"farmersdelight:stove":1,"minecraft:stone_bricks":16,"embellishcraft:polished_marble_wall":1},"minecraft:picked_up":{"apocalypsenow:apple_juice":5,"embellishcraft:warning_steel_door":1,"pfm:light_wood_kitchen_drawer":2,"biomesoplenty:orange_autumn_sapling":2,"minecraft:brown_bed":3,"embellishcraft:steel_wall_ladder":3,"minecraft:potion":21,"pfm:white_freezer":1,"minecraft:string":154,"minecraft:dark_oak_pressure_plate":5,"another_furniture:oak_shelf":2,"pfm:oak_gray_simple_bed":10,"pipez:energy_pipe":1,"create:andesite_bars":37,"farmersdelight:cabbage":2,"farmersdelight:vegetable_noodles":5,"minecraft:spruce_planks":2,"minecraft:smooth_quartz":37,"farmersdelight:pasta_with_meatballs":11,"farmersdelight:ratatouille":3,"create:train_door":2,"embellishcraft:smooth_marble":214,"minecraft:birch_trapdoor":2,"pfm:white_stove":1,"minecraft:torch":52,"apocalypsenow:canned_pork":13,"quark:blossom_log":14,"minecraft:dried_kelp":5,"apocalypsenow:glassbottle":1,"chalk:blue_chalk":1,"farmersdelight:chicken_cuts":6,"quark:blossom_planks":20,"apocalypsenow:fire_figther_leggings":3,"embellishcraft:spruce_plain_door":1,"quark:smooth_quartz_vertical_slab":12,"farmersdelight:melon_popsicle":3,"minecraft:quartz_block":4,"apocalypsenow:porpsi":8,"minecraft:light_gray_bed":1,"minecraft:rotten_flesh":228,"minecraft:iron_block":1,"farmersdelight:melon_juice":17,"minecraft:cobblestone":7,"minecraft:leather_chestplate":2,"tac:round45":1,"immersiveengineering:concrete_quarter":1,"apocalypsenow:peach_juice":2,"apocalypsenow:coffee":7,"createdeco:andesite_door":3,"apocalypsenow:cereal":17,"pfm:light_wood_modern_stool":2,"contenttweaker:rubber":1,"farmersdelight:roast_chicken_block":1,"immersivepetroleum:asphalt":22,"apocalypsenow:construction_chestplate":1,"minecraft:dirt":41,"immersiveengineering:sheetmetal_iron":1,"minecraft:stripped_birch_log":5,"minecraft:lantern":1,"minecraft:leather_boots":1,"cfm:stripped_oak_coffee_table":2,"minecraft:bone":127,"apocalypsenow:human_flesh":14,"farmersdelight:vegetable_soup":1,"ftbquests:book":2,"pfm:dark_wood_kitchen_wall_drawer":3,"tac:9mm_round":12,"pfm:light_wood_kitchen_sink":1,"minecraft:oak_planks":12,"pfm:kitchen_stovetop":1,"apocalypsenow:brokenoldradio":2,"firstaid:plaster":7,"patchouli:guide_book":1,"chalk:red_chalk":1,"pfm:iron_oven_range_hood":6,"embellishcraft:smooth_marble_stairs":5,"apocalypsenow:chips":10,"simplylight:illuminant_yellow_block":1,"apocalypsenow:dagger":1,"apocalypsenow:golf_stick":1,"apocalypsenow:broken_plasma_tv":1,"minecraft:diamond":3,"pfm:basic_shower_head":2,"minecraft:bread":8,"alexsmobs:maggot":3,"apocalypsenow:scissorst":1,"pfm:dark_oak_green_simple_bed":1,"biomesoplenty:smooth_white_sandstone":11,"minecraft:crafting_table":1,"apocalypsenow:fire_figther_boots":1,"minecraft:wooden_pickaxe":1,"apocalypsenow:construction_boots":4,"farmersdelight:cod_slice":8,"embellishcraft:sturdy_steel_door":4,"minecraft:spruce_slab":1,"quark:yellow_blossom_sapling":10,"minecraft:egg":7,"farmersdelight:minced_beef":2,"minecraft:bowl":4,"pfm:light_wood_kitchen_wall_drawer":3,"apocalypsenow:whisky":3,"farmersdelight:hamburger":32,"quark:bamboo_mat":15,"embellishcraft:smooth_basalt_wall":2,"another_furniture:oak_bench":4,"minecraft:birch_planks":1,"embellishcraft:polished_marble":4,"minecraft:oak_log":3,"minecraft:paper":4,"cfm:stripped_oak_table":2,"apocalypsenow:construction_leggings":2,"minecraft:stone_bricks":12,"farmersdelight:cooking_pot":2,"farmersdelight:apple_cider":3,"minecraft:iron_ingot":7,"minecraft:glass_bottle":9,"minecraft:polished_andesite_slab":3,"minecraft:iron_sword":1,"minecraft:polished_andesite_stairs":7,"pfm:light_gray_simple_sofa":4,"minecraft:gravel":1,"apocalypsenow:vodka":5,"pfm:white_fridge":1,"farmersdelight:bacon_and_eggs":2,"pfm:light_wood_kitchen_counter_oven":1,"biomesoplenty:maple_sapling":2,"immersiveengineering:seed":2,"embellishcraft:air_duct":2,"quark:gray_shard":29,"minecraft:damaged_anvil":1,"farmersdelight:stove":1,"embellishcraft:polished_marble_wall":1},"minecraft:dropped":{"minecraft:iron_sword":1,"contenttweaker:rubber":1,"tac:m16a4":1,"minecraft:diamond":3,"minecraft:glass_bottle":19,"embellishcraft:air_duct":2,"apocalypsenow:chips":1,"tac:10_gauge_round":29,"ftbquests:book":2,"apocalypsenow:glassbottle":1,"apocalypsenow:vodka":1,"minecraft:bone":19,"apocalypsenow:scissorst":1,"minecraft:polished_andesite_slab":3,"minecraft:rotten_flesh":111,"biomesoplenty:orange_autumn_sapling":1,"apocalypsenow:money":1,"apocalypsenow:bloodybandages":1,"immersiveengineering:sheetmetal_iron":1,"patchouli:guide_book":1,"minecraft:leather_chestplate":2,"apocalypsenow:coffee":3,"embellishcraft:warning_steel_door":1,"minecraft:quartz_block":3,"securitycraft:camera_monitor":1,"immersiveengineering:seed":1,"apocalypsenow:human_flesh":6,"minecraft:bread":8,"biomesoplenty:maple_sapling":2,"minecraft:dark_oak_pressure_plate":1,"quark:gray_shard":15,"pfm:basic_shower_head":2,"minecraft:stick":2,"chalk:red_chalk":1,"minecraft:torch":26,"minecraft:potion":23,"minecraft:dried_kelp":5,"minecraft:string":58,"chalk:blue_chalk":1,"alexsmobs:maggot":3,"minecraft:bowl":3,"embellishcraft:smooth_marble":34,"farmersdelight:vegetable_soup":1,"apocalypsenow:canned_pork":16,"apocalypsenow:suturekit":2,"minecraft:wooden_pickaxe":1,"apocalypsenow:emergency_axe":1,"firstaid:plaster":8,"tac:9mm_round":25,"apocalypsenow:survival_axe":1},"minecraft:killed_by":{"undead_revamp2:the_moonflower":1,"zombie_extreme:runner":2,"minecraft:zombie":11,"undead_revamp2:thesmoker":2,"minecraft:husk":2,"minecraft:player":1,"zombiemobs:zombie_fox":1,"zombiemobs:zombie_dolphin":1,"alexsmobs:bison":3,"zombie_extreme:infected_police":1},"minecraft:used":{"minecraft:spruce_slab":1,"quark:bamboo_mat":15,"minecraft:chest":4,"farmersdelight:cabbage":1,"minecraft:iron_sword":9,"apocalypsenow:chips":1,"farmersdelight:melon_juice":21,"immersivepetroleum:asphalt":18,"simplylight:illuminant_yellow_block":1,"embellishcraft:smooth_marble":52,"apocalypsenow:coffee":1,"minecraft:lantern":1,"minecraft:quartz_block":1,"minecraft:stone_bricks":12,"carryon:tile_item":1,"farmersdelight:tomato_sauce":1,"minecraft:birch_trapdoor":2,"farmersdelight:hamburger":11,"apocalypsenow:police_chestplate":1,"minecraft:stripped_birch_log":2,"minecraft:stone_pickaxe":5,"minecraft:oak_planks":12,"minecraft:wooden_pickaxe":21,"minecraft:leather_chestplate":1,"farmersdelight:chicken_sandwich":1,"farmersdelight:cod_roll":3,"apocalypsenow:iron_baseball_bat":121,"apocalypsenow:garden_fork":14,"minecraft:string":2,"minecraft:gravel":1,"apocalypsenow:dagger":6,"apocalypsenow:mace":23,"embellishcraft:polished_marble":3,"pfm:oak_gray_simple_bed":8,"minecraft:dried_kelp":3,"minecraft:torch":105,"minecraft:dirt":29,"apocalypsenow:grape_juice":1,"farmersdelight:stuffed_pumpkin_block":1,"minecraft:iron_block":1,"minecraft:iron_axe":38,"minecraft:smooth_quartz":36,"apocalypsenow:porpsi":1,"quark:blossom_planks":83,"apocalypsenow:night_stick":63,"minecraft:light_gray_bed":1,"minecraft:brown_bed":2,"farmersdelight:roast_chicken_block":1,"minecraft:birch_planks":13,"minecraft:crafting_table":2,"minecraft:diamond_pickaxe":234,"farmersdelight:apple_cider":1,"minecraft:iron_pickaxe":250,"quark:smooth_quartz_vertical_slab":11,"minecraft:leather_helmet":1,"minecraft:potion":18,"minecraft:cobblestone":4,"pipez:energy_pipe":1},"minecraft:killed":{"undead_revamp2:thesmoker":2,"undead_revamp2:theordure":2,"minecraft:zombie":125,"alexsmobs:fly":1,"zombie_extreme:runner":2,"zombie_extreme:crawler":1,"minecraft:husk":1,"undead_revamp2:the_moonflower":6,"alexsmobs:crow":1},"minecraft:broken":{"minecraft:iron_pickaxe":1},"minecraft:custom":{"lootr:looted_stat":134,"minecraft:interact_with_crafting_table":11,"minecraft:open_barrel":9,"minecraft:microwave_used":1,"minecraft:open_shulker_box":1,"minecraft:eat_cake_slice":10,"minecraft:leave_game":8,"minecraft:time_since_death":147449,"minecraft:sprint_one_cm":663891,"minecraft:drop":135,"minecraft:talked_to_villager":4,"minecraft:use_bathtub":1,"minecraft:play_time":368682,"minecraft:deaths":29,"minecraft:jump":6239,"minecraft:interact_with_brewingstand":1,"minecraft:walk_on_water_one_cm":23035,"minecraft:interact_with_furnace":1,"minecraft:stove_opened":10,"minecraft:sleep_in_bed":7,"minecraft:damage_dealt":7480,"minecraft:player_kills":2,"minecraft:crouch_one_cm":41602,"minecraft:interact_with_smithing_table":4,"minecraft:mob_kills":203,"minecraft:damage_dealt_resisted":247,"minecraft:climb_one_cm":46168,"minecraft:walk_one_cm":1240178,"minecraft:fridge_opened":30,"minecraft:chair_used":1,"minecraft:damage_dealt_absorbed":24,"minecraft:sneak_time":11956,"minecraft:walk_under_water_one_cm":11182,"minecraft:boat_one_cm":29644,"minecraft:drawer_searched":108,"minecraft:total_world_time":368682,"minecraft:toilet_used":1,"minecraft:trashcan_opened":6,"minecraft:interact_with_stonecutter":1,"minecraft:cabinet_searched":5,"minecraft:time_since_rest":54934,"minecraft:damage_taken":10878,"minecraft:swim_one_cm":74878,"minecraft:fly_one_cm":1592795,"minecraft:freezer_opened":15,"minecraft:open_chest":34,"minecraft:fall_one_cm":183273},"minecraft:crafted":{"apocalypsenow:construction_chestplate":1,"apocalypsenow:iron_baseball_bat":1,"minecraft:diamond_pickaxe":1,"sophisticatedbackpacks:diamond_backpack":1,"minecraft:stick":12,"sophisticatedbackpacks:iron_backpack":1,"sophisticatedbackpacks:gold_backpack":1,"minecraft:air":139,"apocalypsenow:construction_helmet":1}},"DataVersion":2975}