{"stats":{"minecraft:mined":{"createdeco:andesite_door":3,"pfm:dark_oak_green_simple_bed":1,"embellishcraft:sturdy_steel_door":4,"embellishcraft:air_duct":4,"cfm:stripped_oak_table":2,"pfm:light_wood_kitchen_drawer":4,"farmersdelight:roast_chicken_block":1,"another_furniture:oak_shelf":2,"minecraft:stripped_birch_log":5,"minecraft:gray_stained_glass_pane":5,"minecraft:dark_oak_pressure_plate":5,"biomesoplenty:bush":1,"minecraft:grass_block":31,"apocalypsenow:brokenoldradio":2,"minecraft:polished_andesite_slab":3,"biomesoplenty:smooth_white_sandstone":12,"rocks:rock":1,"quark:bamboo_mat":15,"pfm:white_stove":1,"buildersdelight:industrial_flat_2":1,"minecraft:spawner":37,"pfm:light_wood_modern_stool":2,"minecraft:black_stained_glass_pane":9,"pfm:iron_oven_range_hood":6,"immersivepetroleum:asphalt":22,"create:vertical_framed_glass":2,"biomesoplenty:lavender":1,"pfm:light_wood_kitchen_wall_drawer":3,"another_furniture:oak_bench":4,"quark:blossom_planks":19,"pfm:white_fridge":1,"minecraft:brown_bed":3,"embellishcraft:warning_steel_door":2,"biomesoplenty:barley":1,"minecraft:stone":3,"minecraft:iron_block":1,"create:dark_oak_window_pane":5,"minecraft:spruce_slab":1,"minecraft:tripwire":2,"farmersdelight:cooking_pot":2,"create:andesite_bars":37,"minecraft:gray_terracotta":1,"pfm:white_freezer":1,"pfm:dark_wood_kitchen_wall_drawer":3,"pfm:light_wood_kitchen_sink":1,"pipez:energy_pipe":1,"farmersdelight:potato_crate":1,"pfm:light_gray_simple_sofa":4,"immersiveengineering:metal_barrel":4,"minecraft:gray_stained_glass":4,"minecraft:polished_andesite_stairs":4,"create:display_link":1,"cfm:stripped_oak_coffee_table":2,"create:train_door":2,"minecraft:cobblestone":1,"biomesoplenty:sprout":1,"minecraft:damaged_anvil":1,"minecraft:oak_planks":6,"minecraft:wall_torch":4,"minecraft:spruce_stairs":1,"minecraft:birch_planks":1,"apocalypsenow:broken_plasma_tv":1,"minecraft:light_gray_stained_glass":2,"minecraft:birch_trapdoor":2,"minecraft:grass":4,"embellishcraft:smooth_marble":208,"biomesoplenty:clover":1,"create:vertical_framed_glass_pane":6,"minecraft:oak_log":3,"minecraft:gravel":1,"minecraft:dirt":12,"pfm:light_wood_kitchen_counter_oven":1,"pfm:oak_gray_simple_bed":10,"farmersdelight:stove":1,"embellishcraft:smooth_marble_stairs":6,"minecraft:stone_bricks":16,"minecraft:oak_leaves":3},"minecraft:picked_up":{"biomesoplenty:smooth_white_sandstone":11,"minecraft:crafting_table":1,"apocalypsenow:fire_figther_boots":1,"embellishcraft:warning_steel_door":1,"pfm:light_wood_kitchen_drawer":2,"minecraft:wooden_pickaxe":1,"biomesoplenty:orange_autumn_sapling":2,"minecraft:brown_bed":3,"embellishcraft:steel_wall_ladder":3,"minecraft:potion":21,"pfm:white_freezer":1,"another_furniture:oak_shelf":2,"minecraft:dark_oak_pressure_plate":5,"minecraft:string":145,"pfm:oak_gray_simple_bed":10,"pipez:energy_pipe":1,"create:andesite_bars":37,"farmersdelight:vegetable_noodles":5,"farmersdelight:cabbage":2,"apocalypsenow:construction_boots":4,"minecraft:spruce_planks":2,"farmersdelight:pasta_with_meatballs":11,"farmersdelight:cod_slice":8,"embellishcraft:sturdy_steel_door":3,"minecraft:spruce_slab":1,"quark:yellow_blossom_sapling":10,"farmersdelight:ratatouille":3,"minecraft:egg":7,"create:train_door":2,"farmersdelight:minced_beef":2,"embellishcraft:smooth_marble":204,"pfm:light_wood_kitchen_wall_drawer":3,"minecraft:birch_trapdoor":2,"pfm:white_stove":1,"minecraft:torch":49,"apocalypsenow:canned_pork":13,"minecraft:bowl":4,"quark:blossom_log":14,"minecraft:dried_kelp":5,"apocalypsenow:glassbottle":1,"chalk:blue_chalk":1,"farmersdelight:chicken_cuts":6,"apocalypsenow:fire_figther_leggings":2,"quark:blossom_planks":20,"farmersdelight:melon_popsicle":3,"apocalypsenow:whisky":3,"apocalypsenow:porpsi":8,"minecraft:quartz_block":4,"minecraft:light_gray_bed":1,"minecraft:rotten_flesh":208,"farmersdelight:hamburger":32,"minecraft:iron_block":1,"quark:bamboo_mat":15,"farmersdelight:melon_juice":17,"minecraft:cobblestone":3,"immersiveengineering:concrete_quarter":1,"minecraft:leather_chestplate":2,"apocalypsenow:peach_juice":2,"apocalypsenow:coffee":7,"embellishcraft:smooth_basalt_wall":2,"another_furniture:oak_bench":4,"createdeco:andesite_door":3,"pfm:light_wood_modern_stool":2,"minecraft:birch_planks":1,"apocalypsenow:cereal":17,"minecraft:oak_log":3,"contenttweaker:rubber":1,"embellishcraft:polished_marble":1,"farmersdelight:roast_chicken_block":1,"immersivepetroleum:asphalt":22,"apocalypsenow:construction_chestplate":1,"minecraft:stripped_birch_log":5,"minecraft:dirt":41,"minecraft:paper":4,"minecraft:lantern":1,"cfm:stripped_oak_table":2,"cfm:stripped_oak_coffee_table":2,"minecraft:leather_boots":1,"minecraft:bone":111,"apocalypsenow:construction_leggings":2,"minecraft:stone_bricks":12,"farmersdelight:cooking_pot":2,"apocalypsenow:human_flesh":14,"farmersdelight:vegetable_soup":1,"ftbquests:book":2,"farmersdelight:apple_cider":3,"minecraft:iron_ingot":7,"pfm:dark_wood_kitchen_wall_drawer":3,"minecraft:glass_bottle":9,"tac:9mm_round":11,"minecraft:polished_andesite_slab":3,"pfm:light_wood_kitchen_sink":1,"minecraft:iron_sword":1,"minecraft:oak_planks":12,"pfm:kitchen_stovetop":1,"apocalypsenow:brokenoldradio":2,"firstaid:plaster":7,"minecraft:polished_andesite_stairs":7,"pfm:light_gray_simple_sofa":4,"patchouli:guide_book":1,"chalk:red_chalk":1,"pfm:iron_oven_range_hood":6,"embellishcraft:smooth_marble_stairs":5,"minecraft:gravel":1,"apocalypsenow:chips":10,"apocalypsenow:vodka":5,"pfm:white_fridge":1,"simplylight:illuminant_yellow_block":1,"apocalypsenow:dagger":1,"farmersdelight:bacon_and_eggs":2,"pfm:light_wood_kitchen_counter_oven":1,"apocalypsenow:golf_stick":1,"apocalypsenow:broken_plasma_tv":1,"biomesoplenty:maple_sapling":2,"immersiveengineering:seed":2,"minecraft:diamond":3,"pfm:basic_shower_head":2,"minecraft:bread":8,"embellishcraft:air_duct":2,"alexsmobs:maggot":3,"quark:gray_shard":29,"pfm:dark_oak_green_simple_bed":1,"minecraft:damaged_anvil":1,"apocalypsenow:scissorst":1,"farmersdelight:stove":1,"apocalypsenow:apple_juice":5},"minecraft:dropped":{"apocalypsenow:human_flesh":6,"minecraft:bread":8,"minecraft:iron_sword":1,"contenttweaker:rubber":1,"tac:m16a4":1,"minecraft:glass_bottle":19,"minecraft:diamond":3,"biomesoplenty:maple_sapling":2,"minecraft:dark_oak_pressure_plate":1,"quark:gray_shard":15,"pfm:basic_shower_head":2,"minecraft:stick":2,"chalk:red_chalk":1,"minecraft:torch":26,"embellishcraft:air_duct":2,"minecraft:potion":23,"minecraft:dried_kelp":5,"apocalypsenow:chips":1,"tac:10_gauge_round":29,"minecraft:string":58,"ftbquests:book":2,"apocalypsenow:vodka":1,"apocalypsenow:glassbottle":1,"chalk:blue_chalk":1,"minecraft:bone":19,"apocalypsenow:scissorst":1,"alexsmobs:maggot":3,"minecraft:polished_andesite_slab":3,"minecraft:bowl":3,"embellishcraft:smooth_marble":26,"minecraft:rotten_flesh":111,"apocalypsenow:money":1,"biomesoplenty:orange_autumn_sapling":1,"farmersdelight:vegetable_soup":1,"apocalypsenow:bloodybandages":1,"apocalypsenow:canned_pork":16,"patchouli:guide_book":1,"minecraft:leather_chestplate":2,"apocalypsenow:suturekit":2,"embellishcraft:warning_steel_door":1,"minecraft:quartz_block":3,"securitycraft:camera_monitor":1,"minecraft:wooden_pickaxe":1,"apocalypsenow:emergency_axe":1,"tac:9mm_round":25,"firstaid:plaster":8,"immersiveengineering:seed":1,"apocalypsenow:survival_axe":1},"minecraft:killed_by":{"minecraft:husk":2,"minecraft:player":1,"undead_revamp2:the_moonflower":1,"zombie_extreme:runner":2,"zombiemobs:zombie_fox":1,"zombiemobs:zombie_dolphin":1,"alexsmobs:bison":3,"zombie_extreme:infected_police":1,"minecraft:zombie":11,"undead_revamp2:thesmoker":2},"minecraft:used":{"pfm:oak_gray_simple_bed":8,"minecraft:spruce_slab":1,"minecraft:dried_kelp":3,"quark:bamboo_mat":15,"minecraft:chest":4,"farmersdelight:cabbage":1,"minecraft:iron_sword":9,"apocalypsenow:chips":1,"farmersdelight:melon_juice":21,"minecraft:torch":75,"minecraft:dirt":29,"apocalypsenow:grape_juice":1,"immersivepetroleum:asphalt":18,"farmersdelight:stuffed_pumpkin_block":1,"simplylight:illuminant_yellow_block":1,"embellishcraft:smooth_marble":50,"apocalypsenow:coffee":1,"minecraft:lantern":1,"minecraft:iron_axe":38,"minecraft:quartz_block":1,"minecraft:stone_bricks":12,"farmersdelight:tomato_sauce":1,"carryon:tile_item":1,"minecraft:birch_trapdoor":2,"apocalypsenow:porpsi":1,"quark:blossom_planks":83,"minecraft:light_gray_bed":1,"apocalypsenow:night_stick":63,"farmersdelight:hamburger":10,"minecraft:brown_bed":2,"farmersdelight:roast_chicken_block":1,"apocalypsenow:police_chestplate":1,"minecraft:birch_planks":13,"minecraft:stripped_birch_log":2,"minecraft:stone_pickaxe":5,"minecraft:oak_planks":12,"minecraft:wooden_pickaxe":21,"minecraft:leather_chestplate":1,"farmersdelight:chicken_sandwich":1,"minecraft:crafting_table":2,"farmersdelight:cod_roll":3,"minecraft:diamond_pickaxe":146,"farmersdelight:apple_cider":1,"apocalypsenow:iron_baseball_bat":121,"apocalypsenow:garden_fork":14,"minecraft:string":2,"minecraft:iron_pickaxe":250,"minecraft:leather_helmet":1,"minecraft:gravel":1,"apocalypsenow:dagger":6,"minecraft:potion":18,"pipez:energy_pipe":1},"minecraft:killed":{"undead_revamp2:thesmoker":2,"zombie_extreme:runner":1,"zombie_extreme:crawler":1,"minecraft:husk":1,"undead_revamp2:the_moonflower":6,"undead_revamp2:theordure":1,"minecraft:zombie":104,"alexsmobs:fly":1,"alexsmobs:crow":1},"minecraft:broken":{"minecraft:iron_pickaxe":1},"minecraft:custom":{"minecraft:interact_with_smithing_table":4,"lootr:looted_stat":127,"minecraft:mob_kills":147,"minecraft:interact_with_crafting_table":11,"minecraft:open_barrel":9,"minecraft:microwave_used":1,"minecraft:open_shulker_box":1,"minecraft:damage_dealt_resisted":247,"minecraft:eat_cake_slice":10,"minecraft:leave_game":7,"minecraft:time_since_death":121175,"minecraft:climb_one_cm":46028,"minecraft:sprint_one_cm":650437,"minecraft:walk_one_cm":1134057,"minecraft:fridge_opened":26,"minecraft:drop":130,"minecraft:chair_used":1,"minecraft:damage_dealt_absorbed":24,"minecraft:use_bathtub":1,"minecraft:talked_to_villager":4,"minecraft:play_time":342408,"minecraft:deaths":29,"minecraft:sneak_time":9241,"minecraft:walk_under_water_one_cm":11182,"minecraft:boat_one_cm":29644,"minecraft:interact_with_brewingstand":1,"minecraft:jump":6119,"minecraft:drawer_searched":108,"minecraft:walk_on_water_one_cm":23035,"minecraft:total_world_time":342408,"minecraft:interact_with_furnace":1,"minecraft:toilet_used":1,"minecraft:stove_opened":10,"minecraft:trashcan_opened":6,"minecraft:interact_with_stonecutter":1,"minecraft:sleep_in_bed":7,"minecraft:cabinet_searched":5,"minecraft:time_since_rest":28660,"minecraft:damage_taken":10774,"minecraft:damage_dealt":6839,"minecraft:swim_one_cm":74878,"minecraft:freezer_opened":14,"minecraft:fly_one_cm":1579204,"minecraft:player_kills":2,"minecraft:open_chest":34,"minecraft:crouch_one_cm":33240,"minecraft:fall_one_cm":181015},"minecraft:crafted":{"apocalypsenow:construction_chestplate":1,"sophisticatedbackpacks:iron_backpack":1,"apocalypsenow:iron_baseball_bat":1,"sophisticatedbackpacks:gold_backpack":1,"minecraft:air":139,"apocalypsenow:construction_helmet":1,"minecraft:diamond_pickaxe":1,"sophisticatedbackpacks:diamond_backpack":1,"minecraft:stick":12}},"DataVersion":2975}