{"stats":{"minecraft:mined":{"farmersdelight:cooking_pot":1,"minecraft:dark_oak_planks":1,"biomesoplenty:orange_autumn_leaves":1,"pfm:dark_oak_green_simple_bed":3,"rocks:pinecone":1,"farmersdelight:basket":1,"farmersdelight:rice_bag":1,"quark:paper_lantern_sakura":1,"cfm:oak_hedge":2,"minecraft:stripped_birch_log":2,"minecraft:dark_oak_log":6,"minecraft:carved_pumpkin":1,"minecraft:gray_stained_glass_pane":2,"minecraft:torch":4,"farmersdelight:straw_bale":2,"biomesoplenty:bush":1,"minecraft:stone_button":1,"minecraft:grass_block":12,"minecraft:gray_stained_glass":44,"quark:framed_glass_pane":2,"biomesoplenty:sprout":2,"ag_day_counter:calendar":1,"minecraft:wall_torch":2,"cfm:spruce_hedge":1,"minecraft:spawner":5,"biomesoplenty:goldenrod":1,"farmersdelight:skillet":1,"minecraft:dark_oak_slab":2,"minecraft:furnace":2,"create:vertical_framed_glass":2,"quark:spruce_ladder":2,"biomesoplenty:lavender":3,"minecraft:birch_door":1,"minecraft:pumpkin":1,"minecraft:brown_bed":7,"minecraft:grass":3,"create:vertical_framed_glass_pane":4,"minecraft:oak_log":2,"quark:oak_hedge":1,"biomesoplenty:fir_leaves":1,"minecraft:dirt":21,"farmersdelight:stove":1,"simplylight:illuminant_block":1,"immersiveengineering:conveyor_basic":1,"minecraft:stonecutter":1,"minecraft:stone":23,"immersiveengineering:ore_aluminum":4,"create:dark_oak_window_pane":5,"minecraft:oak_leaves":3,"biomesoplenty:reed":1},"minecraft:picked_up":{"minecraft:birch_door":1,"farmersdelight:straw_bale":2,"biomesoplenty:goldenrod":1,"quark:spruce_ladder":2,"minecraft:brown_bed":7,"minecraft:oak_log":2,"minecraft:stripped_birch_log":2,"minecraft:string":8,"minecraft:dirt":33,"minecraft:bone":8,"minecraft:stonecutter":1,"minecraft:gray_terracotta":4,"apocalypsenow:human_flesh":6,"apocalypsenow:money":2,"minecraft:iron_ingot":6,"tac:9mm_round":1,"simplylight:illuminant_block":1,"apocalypsenow:red_football_armor_helmet":1,"minecraft:oak_planks":8,"minecraft:furnace":2,"farmersdelight:basket":1,"minecraft:stick":4,"minecraft:dark_oak_slab":1,"minecraft:pumpkin":1,"embellishcraft:smooth_marble":11,"minecraft:torch":8,"immersiveengineering:raw_aluminum":4,"minecraft:stone_button":1,"cfm:oak_hedge":2,"minecraft:spruce_sapling":1,"minecraft:dark_oak_log":13,"minecraft:dark_oak_planks":1,"minecraft:quartz_block":1,"minecraft:rotten_flesh":5,"immersiveengineering:seed":1,"farmersdelight:hamburger":66,"ag_day_counter:calendar":1,"quark:oak_hedge":1,"quark:framed_glass_pane":2,"minecraft:carved_pumpkin":1,"farmersdelight:rice_bag":1,"quark:gray_shard":123,"pfm:dark_oak_green_simple_bed":3,"immersiveengineering:conveyor_basic":1,"farmersdelight:stove":1,"minecraft:cobblestone":23},"minecraft:dropped":{"farmersdelight:hamburger":32,"minecraft:oak_planks":6,"minecraft:torch":1,"ftbquests:book":1},"minecraft:killed_by":{"minecraft:husk":4,"minecraft:zombie_villager":1,"minecraft:player":2,"undead_revamp2:the_moonflower":4,"minecraft:zombie":10,"zombie_extreme:runner":3,"undead_revamp2:thesmoker":2,"zombiemobs:zombie_cow":1,"zombiemobs:zombie_dolphin":1},"minecraft:used":{"minecraft:stone_sword":35,"minecraft:birch_planks":8,"quark:framed_glass_pane":1,"minecraft:stone_pickaxe":22,"minecraft:oak_planks":4,"minecraft:wooden_pickaxe":40,"minecraft:iron_sword":12,"farmersdelight:rice_bag":1,"apocalypsenow:police_boots":1,"minecraft:torch":8,"minecraft:dirt":29,"minecraft:crafting_table":2,"refinedstorage:controller":1,"minecraft:birch_door":1,"embellishcraft:smooth_marble":11,"minecraft:dark_oak_planks":13,"minecraft:wooden_axe":3,"apocalypsenow:garden_fork":34,"minecraft:stone_button":1,"minecraft:bread":1,"minecraft:quartz_block":1,"minecraft:dark_oak_slab":1,"farmersdelight:basket":1,"farmersdelight:straw_bale":2,"pfm:dark_oak_green_simple_bed":3,"minecraft:stone_axe":4,"apocalypsenow:dagger":1,"minecraft:wooden_sword":17,"minecraft:cobblestone":8,"minecraft:potion":5,"apocalypsenow:porpsi":2,"chalk:blue_chalk":2,"quark:spruce_ladder":1,"apocalypsenow:forestguard_leggings":1,"minecraft:brown_bed":2},"minecraft:killed":{"zombie_extreme:crawler":1,"minecraft:husk":1,"undead_revamp2:thesmoker":1,"minecraft:zombie":7,"zombie_extreme:runner":2},"minecraft:custom":{"lootr:looted_stat":12,"minecraft:mob_kills":14,"minecraft:toilet_used":1,"minecraft:interact_with_crafting_table":4,"minecraft:stove_opened":1,"minecraft:interact_with_stonecutter":1,"minecraft:leave_game":4,"minecraft:time_since_death":19487,"minecraft:sleep_in_bed":4,"minecraft:climb_one_cm":31182,"minecraft:time_since_rest":11731,"minecraft:sprint_one_cm":373889,"minecraft:damage_taken":8873,"minecraft:walk_one_cm":440212,"minecraft:fridge_opened":3,"minecraft:drop":6,"minecraft:damage_dealt":2440,"minecraft:chair_used":1,"minecraft:swim_one_cm":12450,"minecraft:player_kills":1,"minecraft:freezer_opened":9,"minecraft:fly_one_cm":269876,"minecraft:crouch_one_cm":1100,"minecraft:play_time":133732,"minecraft:deaths":29,"minecraft:sneak_time":655,"minecraft:walk_under_water_one_cm":11060,"minecraft:jump":1640,"minecraft:walk_on_water_one_cm":14015,"minecraft:total_world_time":133732,"minecraft:fall_one_cm":59950},"minecraft:crafted":{"minecraft:stone_axe":1,"minecraft:air":79,"minecraft:stone_pickaxe":1}},"DataVersion":2975}