{"stats":{"minecraft:killed_by":{"minecraft:husk":5,"minecraft:zombie_villager":1,"minecraft:player":2,"undead_revamp2:the_moonflower":5,"zombie_extreme:runner":3,"zombiemobs:zombie_dolphin":1,"zombiemobs:zombie_cow":1,"minecraft:zombie":11,"undead_revamp2:thesmoker":4},"minecraft:dropped":{"farmersdelight:hamburger":32,"tac:m16a4":1,"minecraft:glass_bottle":2,"biomesoplenty:lavender":2,"minecraft:book":6,"farmersdelight:cod_slice":7,"minecraft:torch":1,"artifacts:crystal_heart":1,"ftbquests:book":1,"quark:black_shard":5,"apocalypsenow:small_can":2,"create:polished_cut_calcite_wall":2,"minecraft:oak_planks":6,"sophisticatedbackpacks:backpack":4},"minecraft:mined":{"minecraft:dark_oak_planks":3,"biomesoplenty:orange_autumn_leaves":1,"pfm:dark_oak_green_simple_bed":4,"rocks:pinecone":1,"farmersdelight:basket":1,"farmersdelight:rice_bag":1,"minecraft:stripped_birch_log":5,"minecraft:dark_oak_log":6,"minecraft:carved_pumpkin":1,"minecraft:gray_stained_glass_pane":2,"biomesoplenty:bush":2,"minecraft:stone_button":1,"minecraft:grass_block":14,"create:polished_cut_calcite_wall":4,"pfm:oak_brown_simple_bed":5,"ag_day_counter:calendar":1,"minecraft:spawner":20,"minecraft:black_stained_glass_pane":4,"create:vertical_framed_glass":4,"minecraft:furnace":2,"create:framed_glass_pane":2,"biomesoplenty:lavender":4,"minecraft:pumpkin":1,"minecraft:brown_bed":7,"minecraft:bookshelf":2,"minecraft:stone":23,"immersiveengineering:ore_aluminum":4,"create:dark_oak_window_pane":12,"farmersdelight:cooking_pot":1,"minecraft:gray_terracotta":4,"minecraft:cyan_terracotta":1,"quark:paper_lantern_sakura":1,"cfm:oak_hedge":2,"minecraft:crafting_table":1,"minecraft:torch":4,"farmersdelight:straw_bale":4,"minecraft:gray_stained_glass":44,"quark:framed_glass_pane":3,"biomesoplenty:sprout":2,"minecraft:wall_torch":5,"cfm:spruce_hedge":1,"biomesoplenty:goldenrod":1,"minecraft:black_stained_glass":2,"farmersdelight:skillet":1,"minecraft:dark_oak_slab":2,"quark:spruce_ladder":2,"minecraft:gray_bed":2,"minecraft:birch_door":1,"minecraft:grass":3,"create:vertical_framed_glass_pane":8,"minecraft:oak_log":2,"quark:oak_hedge":1,"biomesoplenty:fir_leaves":1,"minecraft:dirt":21,"minecraft:smooth_quartz":3,"farmersdelight:stove":1,"simplylight:illuminant_block":1,"immersiveengineering:conveyor_basic":1,"minecraft:stonecutter":1,"minecraft:oak_leaves":3,"biomesoplenty:reed":1},"minecraft:used":{"pfm:oak_brown_simple_bed":5,"minecraft:stone_sword":35,"minecraft:iron_sword":12,"securitycraft:security_camera":1,"farmersdelight:rice_bag":1,"minecraft:torch":15,"minecraft:dirt":29,"refinedstorage:controller":1,"minecraft:birch_door":1,"minecraft:dark_oak_planks":13,"embellishcraft:smooth_marble":11,"minecraft:wooden_axe":8,"apocalypsenow:coffee":3,"minecraft:quartz_block":1,"farmersdelight:melon_popsicle":3,"minecraft:dark_oak_slab":1,"minecraft:smooth_quartz":3,"farmersdelight:chicken_cuts":3,"farmersdelight:basket":1,"apocalypsenow:porpsi":5,"minecraft:gray_bed":2,"create:polished_cut_calcite_wall":3,"apocalypsenow:night_stick":61,"farmersdelight:hamburger":1,"minecraft:brown_bed":2,"apocalypsenow:wrapped_baseball_bat":21,"minecraft:birch_planks":8,"quark:framed_glass_pane":1,"minecraft:stone_pickaxe":22,"minecraft:oak_planks":4,"minecraft:wooden_pickaxe":82,"apocalypsenow:police_boots":1,"farmersdelight:chicken_sandwich":1,"minecraft:crafting_table":3,"apocalypsenow:coke":2,"farmersdelight:minced_beef":2,"minecraft:gray_terracotta":4,"farmersdelight:apple_cider":8,"apocalypsenow:iron_baseball_bat":20,"apocalypsenow:garden_fork":45,"minecraft:bread":1,"minecraft:stone_button":1,"refinedstorage:crafting_grid":1,"pfm:dark_oak_green_simple_bed":5,"minecraft:stone_axe":4,"apocalypsenow:dagger":1,"minecraft:wooden_sword":17,"farmersdelight:straw_bale":4,"minecraft:potion":5,"minecraft:cobblestone":8,"farmersdelight:egg_sandwich":2,"apocalypsenow:letter_opener":7,"chalk:blue_chalk":2,"quark:spruce_ladder":1,"apocalypsenow:forestguard_leggings":1,"apocalypsenow:human_flesh":2},"minecraft:crafted":{"minecraft:stone_pickaxe":1,"minecraft:stone_axe":1,"minecraft:air":98},"minecraft:killed":{"undead_revamp2:thesmoker":3,"undead_revamp2:bomber":2,"zombie_extreme:runner":2,"zombie_extreme:crawler":1,"minecraft:husk":4,"undead_revamp2:the_moonflower":6,"minecraft:zombie":20},"minecraft:custom":{"lootr:looted_stat":39,"minecraft:mob_kills":40,"minecraft:interact_with_crafting_table":6,"minecraft:damage_dealt_resisted":65,"minecraft:leave_game":4,"minecraft:time_since_death":33327,"minecraft:climb_one_cm":42651,"minecraft:sprint_one_cm":730355,"minecraft:walk_one_cm":802967,"minecraft:fridge_opened":9,"minecraft:drop":20,"minecraft:chair_used":1,"minecraft:talked_to_villager":2,"minecraft:play_time":207044,"minecraft:deaths":34,"minecraft:sneak_time":779,"minecraft:walk_under_water_one_cm":11060,"minecraft:jump":2095,"minecraft:drawer_searched":6,"minecraft:walk_on_water_one_cm":14015,"minecraft:total_world_time":207044,"minecraft:toilet_used":1,"minecraft:stove_opened":1,"minecraft:interact_with_stonecutter":1,"minecraft:sleep_in_bed":10,"minecraft:time_since_rest":903,"minecraft:damage_taken":11451,"minecraft:damage_dealt":5055,"minecraft:swim_one_cm":12450,"minecraft:fly_one_cm":377320,"minecraft:freezer_opened":14,"minecraft:player_kills":1,"minecraft:open_chest":42,"minecraft:crouch_one_cm":1648,"minecraft:fall_one_cm":78465},"minecraft:picked_up":{"minecraft:birch_door":1,"minecraft:crafting_table":1,"tac:glock_17":1,"quark:spruce_ladder":2,"minecraft:brown_bed":7,"minecraft:string":40,"nameless_trinkets:broken_magnet":1,"tac:m16a4":1,"quark:black_shard":5,"minecraft:smooth_quartz":3,"minecraft:egg":1,"minecraft:furnace":2,"minecraft:stick":4,"embellishcraft:smooth_marble":11,"minecraft:torch":10,"sophisticatedbackpacks:backpack":3,"minecraft:stone_button":1,"apocalypsenow:fire_figther_leggings":1,"minecraft:dark_oak_planks":2,"minecraft:quartz_block":1,"artifacts:lucky_scarf":1,"minecraft:rotten_flesh":27,"pfm:oak_brown_simple_bed":5,"farmersdelight:hamburger":66,"minecraft:carved_pumpkin":1,"minecraft:cyan_terracotta":1,"minecraft:cobblestone":23,"biomesoplenty:lavender":3,"tac:round45":1,"minecraft:feather":2,"farmersdelight:straw_bale":4,"biomesoplenty:goldenrod":1,"minecraft:oak_log":2,"artifacts:superstitious_hat":1,"minecraft:gunpowder":2,"minecraft:dirt":35,"minecraft:stripped_birch_log":5,"minecraft:bone":36,"minecraft:stonecutter":1,"minecraft:gray_terracotta":8,"apocalypsenow:human_flesh":8,"apocalypsenow:money":2,"minecraft:iron_ingot":6,"tac:9mm_round":119,"create:polished_cut_calcite_wall":5,"simplylight:illuminant_block":1,"minecraft:gray_bed":2,"minecraft:oak_planks":8,"apocalypsenow:blue_football_armor_boots":1,"apocalypsenow:red_football_armor_helmet":1,"minecraft:book":6,"farmersdelight:basket":1,"apocalypsenow:u_sarmy_chestplate":1,"minecraft:dark_oak_slab":1,"minecraft:pumpkin":1,"nameless_trinkets:experience_battery":1,"immersiveengineering:raw_aluminum":4,"cfm:oak_hedge":2,"minecraft:spruce_sapling":1,"minecraft:dark_oak_log":13,"immersiveengineering:seed":1,"artifacts:crystal_heart":2,"minecraft:polished_blackstone_pressure_plate":1,"ag_day_counter:calendar":1,"quark:oak_hedge":1,"quark:framed_glass_pane":3,"farmersdelight:rice_bag":1,"quark:gray_shard":123,"pfm:dark_oak_green_simple_bed":4,"immersiveengineering:conveyor_basic":1,"farmersdelight:stove":1}},"DataVersion":2975}