{"stats":{"minecraft:mined":{"minecraft:dark_oak_planks":2,"biomesoplenty:orange_autumn_leaves":1,"pfm:dark_oak_green_simple_bed":4,"rocks:pinecone":1,"farmersdelight:basket":1,"farmersdelight:rice_bag":1,"minecraft:dark_oak_log":6,"minecraft:stripped_birch_log":5,"minecraft:gray_stained_glass_pane":2,"minecraft:carved_pumpkin":1,"biomesoplenty:bush":1,"minecraft:stone_button":1,"minecraft:grass_block":12,"create:polished_cut_calcite_wall":4,"pfm:oak_brown_simple_bed":3,"ag_day_counter:calendar":1,"minecraft:spawner":10,"minecraft:furnace":2,"create:vertical_framed_glass":2,"biomesoplenty:lavender":4,"minecraft:pumpkin":1,"minecraft:brown_bed":7,"minecraft:stone":23,"create:dark_oak_window_pane":9,"immersiveengineering:ore_aluminum":4,"farmersdelight:cooking_pot":1,"quark:paper_lantern_sakura":1,"cfm:oak_hedge":2,"minecraft:crafting_table":1,"minecraft:torch":4,"farmersdelight:straw_bale":4,"minecraft:gray_stained_glass":44,"quark:framed_glass_pane":2,"biomesoplenty:sprout":2,"minecraft:wall_torch":2,"cfm:spruce_hedge":1,"biomesoplenty:goldenrod":1,"farmersdelight:skillet":1,"minecraft:dark_oak_slab":2,"quark:spruce_ladder":2,"minecraft:gray_bed":2,"minecraft:birch_door":1,"minecraft:grass":3,"minecraft:oak_log":2,"create:vertical_framed_glass_pane":4,"quark:oak_hedge":1,"biomesoplenty:fir_leaves":1,"minecraft:dirt":21,"farmersdelight:stove":1,"simplylight:illuminant_block":1,"immersiveengineering:conveyor_basic":1,"minecraft:stonecutter":1,"minecraft:oak_leaves":3,"biomesoplenty:reed":1},"minecraft:picked_up":{"minecraft:crafting_table":1,"minecraft:birch_door":1,"quark:spruce_ladder":2,"minecraft:brown_bed":7,"minecraft:string":14,"minecraft:egg":1,"minecraft:furnace":2,"minecraft:stick":4,"embellishcraft:smooth_marble":11,"minecraft:torch":8,"minecraft:stone_button":1,"minecraft:dark_oak_planks":2,"minecraft:quartz_block":1,"minecraft:rotten_flesh":17,"pfm:oak_brown_simple_bed":3,"farmersdelight:hamburger":66,"minecraft:carved_pumpkin":1,"minecraft:cobblestone":23,"biomesoplenty:lavender":3,"tac:round45":1,"minecraft:feather":2,"farmersdelight:straw_bale":4,"biomesoplenty:goldenrod":1,"minecraft:oak_log":2,"minecraft:gunpowder":1,"minecraft:dirt":33,"minecraft:stripped_birch_log":5,"minecraft:bone":16,"minecraft:gray_terracotta":4,"minecraft:stonecutter":1,"apocalypsenow:human_flesh":7,"apocalypsenow:money":2,"minecraft:iron_ingot":6,"create:polished_cut_calcite_wall":5,"simplylight:illuminant_block":1,"tac:9mm_round":1,"minecraft:gray_bed":2,"minecraft:oak_planks":8,"apocalypsenow:red_football_armor_helmet":1,"farmersdelight:basket":1,"apocalypsenow:u_sarmy_chestplate":1,"minecraft:dark_oak_slab":1,"minecraft:pumpkin":1,"immersiveengineering:raw_aluminum":4,"cfm:oak_hedge":2,"minecraft:spruce_sapling":1,"minecraft:dark_oak_log":13,"immersiveengineering:seed":1,"minecraft:polished_blackstone_pressure_plate":1,"ag_day_counter:calendar":1,"quark:oak_hedge":1,"quark:framed_glass_pane":2,"farmersdelight:rice_bag":1,"quark:gray_shard":123,"pfm:dark_oak_green_simple_bed":4,"farmersdelight:stove":1,"immersiveengineering:conveyor_basic":1},"minecraft:dropped":{"farmersdelight:hamburger":32,"biomesoplenty:lavender":2,"minecraft:torch":1,"ftbquests:book":1,"create:polished_cut_calcite_wall":2,"minecraft:oak_planks":6},"minecraft:killed_by":{"minecraft:husk":4,"minecraft:zombie_villager":1,"minecraft:player":2,"undead_revamp2:the_moonflower":5,"zombie_extreme:runner":3,"zombiemobs:zombie_dolphin":1,"zombiemobs:zombie_cow":1,"minecraft:zombie":11,"undead_revamp2:thesmoker":4},"minecraft:used":{"pfm:oak_brown_simple_bed":3,"minecraft:stone_sword":35,"minecraft:iron_sword":12,"farmersdelight:rice_bag":1,"minecraft:torch":9,"minecraft:dirt":29,"refinedstorage:controller":1,"minecraft:birch_door":1,"embellishcraft:smooth_marble":11,"minecraft:wooden_axe":5,"minecraft:dark_oak_planks":13,"minecraft:quartz_block":1,"minecraft:dark_oak_slab":1,"farmersdelight:basket":1,"apocalypsenow:porpsi":2,"minecraft:gray_bed":2,"apocalypsenow:night_stick":19,"minecraft:brown_bed":2,"farmersdelight:hamburger":1,"apocalypsenow:wrapped_baseball_bat":19,"minecraft:birch_planks":8,"quark:framed_glass_pane":1,"minecraft:stone_pickaxe":22,"minecraft:oak_planks":4,"minecraft:wooden_pickaxe":52,"apocalypsenow:police_boots":1,"minecraft:crafting_table":3,"farmersdelight:apple_cider":2,"apocalypsenow:garden_fork":45,"minecraft:bread":1,"minecraft:stone_button":1,"pfm:dark_oak_green_simple_bed":4,"minecraft:stone_axe":4,"apocalypsenow:dagger":1,"minecraft:wooden_sword":17,"farmersdelight:straw_bale":4,"minecraft:cobblestone":8,"minecraft:potion":5,"quark:spruce_ladder":1,"chalk:blue_chalk":2,"apocalypsenow:letter_opener":7,"apocalypsenow:forestguard_leggings":1},"minecraft:killed":{"undead_revamp2:thesmoker":2,"zombie_extreme:runner":2,"zombie_extreme:crawler":1,"minecraft:husk":2,"minecraft:zombie":13},"minecraft:custom":{"lootr:looted_stat":19,"minecraft:mob_kills":22,"minecraft:interact_with_crafting_table":6,"minecraft:leave_game":4,"minecraft:time_since_death":7273,"minecraft:climb_one_cm":33090,"minecraft:sprint_one_cm":495090,"minecraft:walk_one_cm":561788,"minecraft:fridge_opened":8,"minecraft:drop":9,"minecraft:chair_used":1,"minecraft:play_time":157732,"minecraft:deaths":33,"minecraft:sneak_time":660,"minecraft:walk_under_water_one_cm":11060,"minecraft:jump":1853,"minecraft:walk_on_water_one_cm":14015,"minecraft:total_world_time":157732,"minecraft:toilet_used":1,"minecraft:stove_opened":1,"minecraft:interact_with_stonecutter":1,"minecraft:sleep_in_bed":7,"minecraft:time_since_rest":7297,"minecraft:damage_taken":10378,"minecraft:damage_dealt":3617,"minecraft:swim_one_cm":12450,"minecraft:fly_one_cm":313016,"minecraft:freezer_opened":11,"minecraft:player_kills":1,"minecraft:crouch_one_cm":1100,"minecraft:fall_one_cm":66885},"minecraft:crafted":{"minecraft:stone_pickaxe":1,"minecraft:stone_axe":1,"minecraft:air":98}},"DataVersion":2975}