{"stats":{"minecraft:mined":{"minecraft:dark_oak_planks":4,"biomesoplenty:orange_autumn_leaves":1,"pfm:dark_oak_green_simple_bed":4,"rocks:pinecone":1,"farmersdelight:basket":1,"farmersdelight:rice_bag":1,"minecraft:dark_oak_log":6,"minecraft:stripped_birch_log":8,"minecraft:carved_pumpkin":1,"minecraft:gray_stained_glass_pane":6,"biomesoplenty:bush":2,"minecraft:stone_button":1,"minecraft:grass_block":15,"create:polished_cut_calcite_wall":4,"pfm:oak_brown_simple_bed":6,"ag_day_counter:calendar":1,"minecraft:spawner":26,"minecraft:black_stained_glass_pane":10,"create:framed_glass_pane":2,"minecraft:furnace":2,"create:vertical_framed_glass":6,"biomesoplenty:lavender":4,"minecraft:stripped_spruce_log":2,"minecraft:pumpkin":1,"minecraft:brown_bed":7,"minecraft:bookshelf":2,"minecraft:quartz_slab":1,"minecraft:stone":32,"create:dark_oak_window_pane":12,"immersiveengineering:ore_aluminum":4,"farmersdelight:cooking_pot":1,"minecraft:gray_terracotta":4,"minecraft:light_gray_carpet":1,"quark:paper_lantern_sakura":1,"minecraft:cyan_terracotta":7,"cfm:oak_hedge":2,"cfm:light_gray_sofa":10,"minecraft:crafting_table":2,"minecraft:torch":6,"farmersdelight:straw_bale":4,"buildersdelight:spruce_table_1":2,"minecraft:gray_stained_glass":55,"quark:framed_glass_pane":3,"embellishcraft:gneiss_large_bricks_wall":1,"minecraft:cobblestone":1,"biomesoplenty:sprout":2,"minecraft:wall_torch":6,"cfm:spruce_hedge":1,"biomesoplenty:goldenrod":1,"minecraft:black_stained_glass":2,"farmersdelight:skillet":1,"minecraft:dark_oak_slab":2,"minecraft:light_gray_stained_glass":1,"quark:spruce_ladder":2,"minecraft:gray_bed":2,"minecraft:birch_door":1,"minecraft:grass":3,"embellishcraft:smooth_marble":2,"create:vertical_framed_glass_pane":10,"minecraft:oak_log":2,"quark:oak_hedge":1,"biomesoplenty:fir_leaves":1,"minecraft:dirt":21,"minecraft:smooth_quartz":7,"farmersdelight:stove":1,"simplylight:illuminant_block":1,"immersiveengineering:conveyor_basic":1,"minecraft:stonecutter":1,"minecraft:oak_leaves":3,"biomesoplenty:reed":1,"cfm:stripped_spruce_coffee_table":2},"minecraft:picked_up":{"minecraft:wooden_axe":1,"tac:mk23":1,"minecraft:birch_door":1,"minecraft:crafting_table":3,"tac:glock_17":2,"buildersdelight:lantern_4":1,"quark:spruce_ladder":2,"minecraft:wooden_pickaxe":1,"minecraft:brown_bed":7,"apocalypsenow:u_sarmy_helmet":1,"minecraft:string":160,"minecraft:iron_leggings":1,"minecraft:quartz_slab":1,"nameless_trinkets:broken_magnet":1,"apocalypsenow:night_stick":1,"tac:m16a4":1,"quark:black_shard":5,"minecraft:smooth_quartz":7,"minecraft:furnace":2,"minecraft:egg":1,"minecraft:stick":4,"embellishcraft:smooth_marble":13,"minecraft:torch":35,"sophisticatedbackpacks:backpack":4,"minecraft:stone_button":1,"apocalypsenow:pipe_wrench":1,"farmersdelight:chicken_cuts":4,"minecraft:carrot":1,"tac:b_magnum":20,"apocalypsenow:fire_figther_leggings":1,"cfm:stripped_spruce_coffee_table":2,"minecraft:dark_oak_planks":2,"minecraft:quartz_block":1,"artifacts:lucky_scarf":2,"minecraft:rotten_flesh":170,"pfm:oak_brown_simple_bed":6,"farmersdelight:hamburger":66,"minecraft:carved_pumpkin":1,"minecraft:cyan_terracotta":7,"minecraft:gold_ingot":10,"firstaid:bandage":45,"minecraft:cobblestone":28,"biomesoplenty:lavender":3,"tac:round45":21,"minecraft:feather":2,"farmersdelight:straw_bale":4,"biomesoplenty:goldenrod":1,"buildersdelight:spruce_table_1":2,"farmersdelight:bacon":4,"minecraft:oak_log":2,"artifacts:superstitious_hat":2,"minecraft:gunpowder":2,"apocalypsenow:construction_chestplate":1,"minecraft:stripped_birch_log":8,"minecraft:dirt":36,"embellishcraft:gneiss_large_bricks_wall":2,"apocalypsenow:u_sarmy_leggings":1,"minecraft:bone":116,"minecraft:stonecutter":1,"minecraft:gray_terracotta":8,"apocalypsenow:human_flesh":10,"apocalypsenow:money":21,"minecraft:iron_ingot":6,"apocalypsenow:red_bikers_helmet":1,"create:polished_cut_calcite_wall":5,"simplylight:illuminant_block":1,"tac:9mm_round":210,"minecraft:gray_bed":2,"minecraft:oak_planks":8,"minecraft:book":6,"apocalypsenow:red_football_armor_helmet":1,"apocalypsenow:blue_football_armor_boots":2,"quark:light_gray_shard":11,"farmersdelight:basket":1,"firstaid:plaster":16,"apocalypsenow:u_sarmy_chestplate":2,"minecraft:dark_oak_slab":1,"cfm:light_gray_sofa":10,"minecraft:pumpkin":1,"nameless_trinkets:experience_battery":2,"immersiveengineering:raw_aluminum":4,"cfm:oak_hedge":2,"minecraft:stripped_spruce_log":2,"minecraft:spruce_sapling":1,"sophisticatedbackpacks:iron_backpack":3,"minecraft:dark_oak_log":13,"immersiveengineering:seed":1,"artifacts:crystal_heart":3,"minecraft:polished_blackstone_pressure_plate":2,"ag_day_counter:calendar":1,"quark:oak_hedge":1,"quark:framed_glass_pane":3,"farmersdelight:rice_bag":1,"quark:gray_shard":168,"minecraft:light_gray_carpet":2,"pfm:dark_oak_green_simple_bed":4,"farmersdelight:stove":1,"immersiveengineering:conveyor_basic":1,"minecraft:coal":8},"minecraft:dropped":{"sophisticatedbackpacks:iron_backpack":3,"farmersdelight:hamburger":32,"tac:m16a4":1,"minecraft:glass_bottle":2,"biomesoplenty:lavender":2,"minecraft:book":6,"farmersdelight:chicken_cuts":4,"tac:mk23":1,"farmersdelight:cod_slice":7,"minecraft:torch":1,"apocalypsenow:fire_figther_boots":1,"farmersdelight:bacon":4,"artifacts:crystal_heart":1,"ftbquests:book":1,"quark:black_shard":5,"apocalypsenow:small_can":2,"create:polished_cut_calcite_wall":2,"minecraft:oak_planks":6,"sophisticatedbackpacks:backpack":4},"minecraft:killed_by":{"minecraft:husk":5,"minecraft:zombie_villager":1,"minecraft:player":5,"undead_revamp2:the_moonflower":5,"zombie_extreme:runner":3,"zombiemobs:zombie_dolphin":1,"zombiemobs:zombie_cow":1,"minecraft:zombie":11,"undead_revamp2:thesmoker":4},"minecraft:used":{"pfm:oak_brown_simple_bed":5,"minecraft:stone_sword":35,"minecraft:light_gray_carpet":1,"minecraft:chest":2,"minecraft:iron_sword":12,"securitycraft:security_camera":1,"cfm:stripped_spruce_coffee_table":2,"farmersdelight:rice_bag":1,"minecraft:rotten_flesh":4,"minecraft:torch":37,"apocalypsenow:u_sarmy_chestplate":1,"minecraft:dirt":29,"farmersdelight:fish_stew":1,"apocalypsenow:orange_juice":1,"apocalypsenow:pipe_wrench":3,"refinedstorage:controller":1,"minecraft:birch_door":1,"minecraft:dark_oak_planks":13,"embellishcraft:smooth_marble":13,"minecraft:wooden_axe":23,"apocalypsenow:coffee":7,"minecraft:cyan_terracotta":1,"farmersdelight:fried_rice":1,"minecraft:quartz_slab":1,"minecraft:quartz_block":1,"farmersdelight:melon_popsicle":4,"minecraft:dark_oak_slab":1,"minecraft:smooth_quartz":7,"farmersdelight:chicken_cuts":3,"farmersdelight:basket":1,"apocalypsenow:porpsi":11,"minecraft:gray_bed":2,"create:polished_cut_calcite_wall":3,"apocalypsenow:night_stick":61,"farmersdelight:hamburger":1,"minecraft:brown_bed":2,"apocalypsenow:vodka":5,"apocalypsenow:wrapped_baseball_bat":21,"minecraft:birch_planks":9,"quark:framed_glass_pane":1,"minecraft:stone_pickaxe":22,"minecraft:oak_planks":4,"minecraft:wooden_pickaxe":101,"minecraft:diamond_axe":10,"apocalypsenow:police_boots":1,"minecraft:cookie":1,"farmersdelight:chicken_sandwich":1,"minecraft:crafting_table":5,"apocalypsenow:coke":3,"farmersdelight:minced_beef":2,"farmersdelight:apple_pie":1,"minecraft:gray_terracotta":4,"minecraft:diamond_pickaxe":17,"farmersdelight:apple_cider":12,"apocalypsenow:iron_baseball_bat":104,"apocalypsenow:garden_fork":45,"minecraft:bread":1,"minecraft:stone_button":1,"cgm:grenade":1,"refinedstorage:crafting_grid":1,"pfm:dark_oak_green_simple_bed":5,"minecraft:stone_axe":4,"apocalypsenow:dagger":1,"minecraft:wooden_sword":17,"farmersdelight:straw_bale":4,"minecraft:potion":8,"minecraft:cobblestone":13,"apocalypsenow:letter_opener":7,"farmersdelight:egg_sandwich":4,"chalk:blue_chalk":2,"apocalypsenow:peach_juice":2,"quark:spruce_ladder":1,"apocalypsenow:forestguard_leggings":1,"cfm:light_gray_sofa":4,"apocalypsenow:human_flesh":2,"buildersdelight:spruce_table_1":1},"minecraft:killed":{"hordes:zombie_player":1,"undead_revamp2:thesmoker":8,"undead_revamp2:bomber":2,"zombie_extreme:runner":3,"zombie_extreme:crawler":2,"minecraft:husk":11,"undead_revamp2:the_moonflower":20,"minecraft:wandering_trader":1,"minecraft:zombie":81,"zombie_extreme:infected_police":1},"minecraft:broken":{"apocalypsenow:u_sarmy_helmet":1},"minecraft:custom":{"lootr:looted_stat":55,"minecraft:mob_kills":175,"minecraft:interact_with_crafting_table":14,"minecraft:damage_dealt_resisted":100,"minecraft:leave_game":8,"minecraft:time_since_death":23507,"minecraft:climb_one_cm":47580,"minecraft:sprint_one_cm":1078055,"minecraft:walk_one_cm":1286473,"minecraft:fridge_opened":12,"minecraft:drop":27,"minecraft:chair_used":2,"minecraft:talked_to_villager":5,"minecraft:play_time":306587,"minecraft:deaths":39,"minecraft:sneak_time":1529,"minecraft:walk_under_water_one_cm":11060,"minecraft:jump":2474,"minecraft:drawer_searched":23,"minecraft:walk_on_water_one_cm":14015,"minecraft:total_world_time":306587,"minecraft:toilet_used":1,"minecraft:traded_with_villager":6,"minecraft:stove_opened":4,"minecraft:trashcan_opened":2,"minecraft:interact_with_stonecutter":1,"minecraft:sleep_in_bed":13,"minecraft:time_since_rest":9794,"minecraft:cabinet_searched":1,"minecraft:damage_taken":13905,"minecraft:damage_dealt":7621,"minecraft:swim_one_cm":12450,"minecraft:freezer_opened":18,"minecraft:fly_one_cm":456856,"minecraft:player_kills":1,"minecraft:open_chest":84,"minecraft:crouch_one_cm":3506,"minecraft:fall_one_cm":88612},"minecraft:crafted":{"farmersdelight:bacon_sandwich":2,"minecraft:stone_pickaxe":1,"minecraft:stone_axe":1,"tac:9mm_round":60,"minecraft:air":125,"minecraft:diamond_pickaxe":1}},"DataVersion":2975}