{"stats":{"minecraft:mined":{"biomesoplenty:magic_planks":2,"embellishcraft:sturdy_steel_door":1,"minecraft:cyan_terracotta":2,"minecraft:light_gray_stained_glass":2,"minecraft:gold_block":3,"minecraft:gray_stained_glass_pane":2,"minecraft:crafting_table":1,"apocalypsenow:money_block":7,"biomesoplenty:magic_log":4,"embellishcraft:smooth_marble":3,"minecraft:gray_stained_glass":4,"quark:oak_hedge":1,"embellishcraft:smooth_basalt_slab":2,"minecraft:cobweb":5,"simplylight:illuminant_block":1,"minecraft:iron_block":5,"minecraft:polished_blackstone_pressure_plate":1,"minecraft:iron_trapdoor":1,"minecraft:wall_torch":4,"minecraft:spawner":6},"minecraft:used":{"minecraft:cyan_terracotta":1,"minecraft:iron_axe":5,"minecraft:bread":4,"minecraft:iron_pickaxe":31,"minecraft:wooden_pickaxe":13,"minecraft:iron_sword":34,"minecraft:torch":10,"minecraft:potion":9,"minecraft:crafting_table":1,"chalk:blue_chalk":1,"biomesoplenty:magic_planks":10,"farmersdelight:hamburger":2},"minecraft:killed":{"minecraft:horse":3,"zombie_extreme:crawler":2,"minecraft:husk":1,"minecraft:zombie":2,"undead_revamp2:the_moonflower":3,"zombie_extreme:runner":1},"minecraft:custom":{"minecraft:time_since_rest":49514,"lootr:looted_stat":13,"minecraft:sprint_one_cm":139232,"minecraft:damage_taken":345,"minecraft:walk_one_cm":84367,"minecraft:mob_kills":12,"minecraft:fridge_opened":2,"minecraft:drop":14,"minecraft:damage_dealt":1522,"minecraft:interact_with_crafting_table":3,"minecraft:freezer_opened":3,"minecraft:fly_one_cm":219676,"minecraft:crouch_one_cm":2134,"minecraft:play_time":49514,"minecraft:sneak_time":565,"minecraft:jump":872,"minecraft:leave_game":1,"minecraft:time_since_death":49514,"minecraft:walk_on_water_one_cm":64,"minecraft:total_world_time":49514,"minecraft:climb_one_cm":4079,"minecraft:fall_one_cm":26842},"minecraft:dropped":{"minecraft:cyan_terracotta":1,"minecraft:bread":2,"minecraft:glass_bottle":6,"minecraft:leather_boots":1,"embellishcraft:smooth_basalt_slab":2,"minecraft:potion":2,"minecraft:rotten_flesh":8,"quark:gray_shard":2,"minecraft:leather_helmet":1},"minecraft:picked_up":{"quark:light_gray_shard":4,"tac:round45":1,"minecraft:crafting_table":1,"embellishcraft:smooth_marble":2,"minecraft:leather":2,"minecraft:torch":4,"embellishcraft:smooth_basalt_slab":2,"minecraft:gold_block":3,"minecraft:string":15,"minecraft:bone":10,"minecraft:rotten_flesh":8,"biomesoplenty:magic_planks":2,"minecraft:polished_blackstone_pressure_plate":1,"quark:oak_hedge":1,"minecraft:iron_block":5,"minecraft:cyan_terracotta":2,"biomesoplenty:magic_log":4,"embellishcraft:sturdy_steel_door":1,"quark:gray_shard":12,"apocalypsenow:money_block":7},"minecraft:crafted":{"minecraft:stick":8,"minecraft:iron_sword":1,"minecraft:air":19}},"DataVersion":2975}