{"stats":{"minecraft:mined":{"embellishcraft:sturdy_steel_door":1,"minecraft:cyan_terracotta":2,"createdeco:locked_cast_iron_door":1,"minecraft:crafting_table":1,"minecraft:gray_stained_glass_pane":2,"apocalypsenow:money_block":7,"minecraft:gray_stained_glass":4,"embellishcraft:smooth_basalt_slab":2,"minecraft:polished_blackstone_pressure_plate":1,"minecraft:wall_torch":4,"minecraft:spawner":6,"biomesoplenty:magic_planks":2,"embellishcraft:smooth_marble_slab":1,"minecraft:light_gray_stained_glass":2,"minecraft:gold_block":3,"biomesoplenty:magic_log":4,"embellishcraft:smooth_marble":3,"quark:oak_hedge":1,"minecraft:cobweb":5,"simplylight:illuminant_block":1,"minecraft:iron_block":5,"minecraft:iron_trapdoor":1},"minecraft:killed_by":{"minecraft:drowned":1},"minecraft:used":{"minecraft:wooden_pickaxe":13,"minecraft:iron_sword":34,"minecraft:torch":10,"minecraft:crafting_table":1,"biomesoplenty:magic_planks":10,"minecraft:cyan_terracotta":1,"minecraft:iron_axe":5,"minecraft:bread":4,"minecraft:iron_pickaxe":33,"minecraft:potion":13,"chalk:blue_chalk":1,"farmersdelight:hamburger":3},"minecraft:killed":{"zombie_extreme:crawler":2,"minecraft:husk":1,"undead_revamp2:the_moonflower":3,"minecraft:horse":3,"minecraft:zombie":2,"zombie_extreme:runner":1},"minecraft:custom":{"lootr:looted_stat":13,"minecraft:interact_with_furnace":1,"minecraft:mob_kills":12,"minecraft:interact_with_crafting_table":3,"minecraft:leave_game":2,"minecraft:time_since_death":6,"minecraft:climb_one_cm":4079,"minecraft:time_since_rest":38,"minecraft:sprint_one_cm":166697,"minecraft:damage_taken":501,"minecraft:walk_one_cm":93289,"minecraft:fridge_opened":3,"minecraft:drop":14,"minecraft:damage_dealt":1522,"minecraft:fly_one_cm":245582,"minecraft:freezer_opened":3,"minecraft:crouch_one_cm":2134,"minecraft:play_time":53382,"minecraft:deaths":1,"minecraft:sneak_time":565,"minecraft:jump":956,"minecraft:walk_on_water_one_cm":64,"minecraft:total_world_time":53382,"minecraft:fall_one_cm":30893},"minecraft:dropped":{"minecraft:bread":2,"minecraft:glass_bottle":6,"embellishcraft:smooth_basalt_slab":2,"minecraft:rotten_flesh":8,"quark:gray_shard":2,"minecraft:leather_helmet":1,"minecraft:cyan_terracotta":1,"minecraft:leather_boots":1,"minecraft:potion":2},"minecraft:picked_up":{"tac:round45":1,"minecraft:crafting_table":1,"minecraft:leather":2,"minecraft:gold_block":3,"minecraft:string":15,"createdeco:locked_cast_iron_door":1,"minecraft:bone":10,"embellishcraft:smooth_marble_slab":1,"biomesoplenty:magic_log":4,"embellishcraft:sturdy_steel_door":1,"quark:light_gray_shard":4,"embellishcraft:smooth_marble":2,"minecraft:torch":4,"embellishcraft:smooth_basalt_slab":2,"minecraft:rotten_flesh":8,"biomesoplenty:magic_planks":2,"minecraft:polished_blackstone_pressure_plate":1,"quark:oak_hedge":1,"minecraft:iron_block":5,"minecraft:cyan_terracotta":2,"quark:gray_shard":12,"apocalypsenow:money_block":7},"minecraft:crafted":{"minecraft:iron_sword":1,"minecraft:air":21,"minecraft:stick":8}},"DataVersion":2975}